,Gender,Purchase ID,SN,Age,Item ID,Item Name,Price
0,Male,0,78,20,108,58721609,4
1,Male,1,38,40,143,859696632,2
2,Male,2,48,24,92,226206874,5
3,Male,3,86,24,100,947929584,3
4,Male,4,90,23,131,132203229,1
5,Male,5,81,22,81,955415492,4
6,Male,6,73,36,169,267111123,2
7,Male,7,81,20,162,744019941,3
8,Male,8,33,22,21,830766806,1
9,Other / Non-Disclosed,9,48,35,136,750884342,4
10,Male,10,55,23,95,724824345,5
11,Male,11,60,23,162,744019941,3
12,Male,12,52,21,116,991439063,4
13,Male,13,73,22,4,152567713,2
14,Male,14,94,35,165,685827608,5
15,Female,15,64,21,98,518868787,3
16,Male,16,25,20,40,622173025,3
17,Male,17,81,21,161,99248079,2
18,Female,18,60,22,82,73523342,5
19,Male,19,71,30,89,438112022,5
20,Male,20,29,20,57,328948986,5
21,Male,21,40,20,168,87897696,1
22,Other / Non-Disclosed,22,38,38,24,447519760,4
23,Male,23,71,40,151,347637432,3
24,Male,24,43,30,141,450267576,3
25,Male,25,87,29,178,373085275,4
26,Male,26,84,11,71,797386557,2
27,Male,27,44,7,96,191240424,3
28,Male,28,59,21,119,351522768,4
29,Male,29,79,24,37,822429865,3
30,Male,30,61,19,140,585294313,3
31,Male,31,86,37,179,351753395,4
32,Male,32,27,10,133,413481376,4
33,Male,33,51,7,44,903529426,2
34,Male,34,73,19,160,427688508,4
35,Male,35,68,22,53,600868667,2
36,Male,36,85,30,76,584636828,3
37,Male,37,89,8,73,36565733,2
38,Female,38,52,10,116,991439063,4
39,Male,39,62,21,172,554040562,3
40,Male,40,45,20,143,859696632,2
41,Female,41,88,20,7,601090968,1
42,Male,42,39,18,72,739225162,4
43,Male,43,27,24,116,991439063,4
44,Male,44,53,24,9,997685855,3
45,Male,45,37,23,181,711602024,2
46,Male,46,92,27,102,983676883,3
47,Male,47,25,20,170,52469638,4
48,Male,48,96,20,138,329192965,5
49,Male,49,74,33,110,525016351,1
50,Male,50,52,21,22,826520930,2
51,Male,51,34,22,15,574671402,3
52,Male,52,32,20,60,835908400,4
53,Male,53,35,32,176,839659619,3
54,Male,54,83,10,25,878359439,4
55,Female,55,26,25,84,927034587,4
56,Male,56,92,12,108,58721609,4
57,Male,57,91,21,80,458895739,3
58,Male,58,83,23,152,789564432,2
59,Male,59,88,19,105,811211885,3
60,Male,60,52,34,44,903529426,2
61,Male,61,77,17,178,373085275,4
62,Male,62,40,30,178,373085275,4
63,Male,63,38,20,125,673206776,1
64,Male,64,87,20,56,287533090,3
65,Male,65,83,25,34,462627133,2
66,Female,66,67,21,6,298319719,4
67,Male,67,78,20,138,329192965,5
68,Male,68,95,15,27,142158779,3
69,Male,69,61,24,37,822429865,3
70,Male,70,94,29,143,859696632,2
71,Female,71,50,20,29,667176105,2
72,Female,72,69,25,178,373085275,4
73,Male,73,42,21,68,758889815,4
74,Male,74,93,25,89,438112022,5
75,Male,75,43,33,124,950882900,1
76,Female,76,26,13,88,945290596,4
77,Male,77,63,34,20,974652061,3
78,Male,78,51,7,50,773491350,5
79,Male,79,56,26,15,574671402,3
80,Male,80,29,23,165,685827608,5
81,Female,81,45,8,174,803087096,3
82,Other / Non-Disclosed,82,41,16,160,427688508,4
83,Male,83,42,25,12,555879766,1
84,Female,84,60,21,34,462627133,2
85,Female,85,85,32,33,232265856,1
86,Male,86,82,33,129,120444451,2
87,Male,87,32,20,151,347637432,3
88,Male,88,55,30,82,73523342,5
89,Male,89,26,22,17,518511827,2
90,Male,90,34,21,60,835908400,4
91,Male,91,44,20,59,53356484,4
92,Female,92,75,21,39,795881413,4
93,Male,93,43,22,88,945290596,4
94,Male,94,43,19,96,191240424,3
95,Male,95,39,18,164,75593083,2
96,Male,96,98,16,56,287533090,3
97,Male,97,76,20,134,463638111,4
98,Male,98,89,23,141,450267576,3
99,Male,99,60,23,101,226206874,4
100,Male,100,84,30,12,555879766,1
101,Male,101,59,21,174,803087096,3
102,Male,102,28,24,109,663651380,5
103,Male,103,77,24,7,601090968,1
104,Male,104,62,24,53,600868667,2
105,Male,105,88,27,10,785789836,2
106,Male,106,73,22,54,260025598,2
107,Male,107,73,36,99,341439248,2
108,Male,108,58,19,85,275162706,2
109,Male,109,39,22,33,232265856,1
110,Male,110,86,25,139,741828942,5
111,Other / Non-Disclosed,111,98,21,41,744646939,5
112,Female,112,81,21,7,601090968,1
113,Female,113,88,15,140,585294313,3
114,Male,114,66,22,150,448010002,3
115,Male,115,58,28,13,2015962,1
116,Male,116,30,21,139,741828942,5
117,Female,117,61,21,117,453011450,2
118,Male,118,84,30,78,920879661,4
119,Female,119,58,15,87,219401326,4
120,Male,120,93,25,24,447519760,4
121,Male,121,37,23,1,414428959,3
122,Male,122,27,16,174,803087096,3
123,Male,123,38,27,81,955415492,4
124,Male,124,53,21,150,448010002,3
125,Female,125,82,20,62,226383638,2
126,Male,126,77,24,75,242308425,2
127,Male,127,98,37,102,983676883,3
128,Male,128,74,21,58,142537056,4
129,Male,129,87,19,74,636053212,4
130,Male,130,31,25,120,748001860,3
131,Male,131,76,22,62,226383638,2
132,Male,132,55,23,145,687536116,5
133,Male,133,87,20,0,306810568,1
134,Female,134,88,15,2,697541220,2
135,Male,135,85,30,146,746016556,3
136,Male,136,45,22,105,811211885,3
137,Male,137,67,20,179,351753395,4
138,Male,138,90,33,136,750884342,4
139,Male,139,93,13,158,826138437,2
140,Female,140,50,20,8,216975499,4
141,Male,141,83,10,60,835908400,4
142,Female,142,33,35,175,838682992,4
143,Male,143,89,34,124,950882900,1
144,Male,144,43,18,22,826520930,2
145,Male,145,53,23,46,610029256,1
146,Male,146,39,18,133,413481376,4
147,Male,147,89,35,24,447519760,4
148,Male,148,95,20,148,341112214,4
149,Male,149,90,17,161,99248079,2
150,Male,150,31,17,0,306810568,1
151,Male,151,48,25,105,811211885,3
152,Male,152,87,20,110,525016351,1
153,Male,153,89,21,164,75593083,2
154,Male,154,61,20,59,53356484,4
155,Female,155,83,10,98,518868787,3
156,Male,156,71,40,117,453011450,2
157,Female,157,30,18,108,58721609,4
158,Male,158,27,31,111,42068344,5
159,Male,159,29,25,39,795881413,4
160,Male,160,73,24,44,903529426,2
161,Male,161,67,20,3,89851459,2
162,Male,162,40,17,181,711602024,2
163,Male,163,51,11,65,982009714,4
164,Male,164,38,22,96,191240424,3
165,Male,165,52,15,183,902347688,1
166,Female,166,68,22,30,680113175,2
167,Male,167,97,23,157,735796697,5
168,Male,168,81,20,85,275162706,2
169,Female,169,52,16,123,464437588,2
170,Male,170,58,22,75,242308425,2
171,Male,171,82,30,102,983676883,3
172,Male,172,79,21,65,982009714,4
173,Male,173,91,30,5,565353081,4
174,Male,174,63,30,144,141959555,2
175,Male,175,77,17,103,364719454,4
176,Male,176,73,17,157,735796697,5
177,Female,177,73,30,135,478198030,1
178,Female,178,94,20,57,328948986,5
179,Male,179,32,24,59,53356484,4
180,Male,180,74,24,95,724824345,5
181,Male,181,50,16,51,449920883,5
182,Male,182,79,38,154,890135075,4
183,Male,183,34,21,15,574671402,3
184,Male,184,51,28,32,467191434,1
185,Male,185,55,20,150,448010002,3
186,Male,186,79,30,77,205085349,4
187,Male,187,29,8,11,19401320,4
188,Male,188,62,18,88,945290596,4
189,Male,189,33,23,63,164214274,5
190,Male,190,44,27,69,80808704,2
191,Male,191,31,23,87,219401326,4
192,Male,192,84,25,98,518868787,3
193,Male,193,66,27,62,226383638,2
194,Male,194,28,20,73,36565733,2
195,Male,195,31,39,113,825913036,4
196,Female,196,90,35,9,997685855,3
197,Male,197,30,24,37,822429865,3
198,Male,198,44,20,153,444295861,4
199,Female,199,29,15,138,329192965,5
200,Male,200,25,23,114,149197197,4
201,Male,201,60,31,2,697541220,2
202,Male,202,51,37,82,73523342,5
203,Male,203,59,33,3,89851459,2
204,Male,204,85,16,0,306810568,1
205,Male,205,77,17,149,822114229,2
206,Female,206,41,20,78,920879661,4
207,Male,207,82,24,145,687536116,5
208,Male,208,65,37,105,811211885,3
209,Male,209,89,22,162,744019941,3
210,Female,210,85,32,136,750884342,4
211,Male,211,62,17,120,748001860,3
212,Male,212,32,23,159,405425383,3
213,Male,213,49,29,2,697541220,2
214,Male,214,44,23,137,804468808,3
215,Female,215,29,15,40,622173025,3
216,Male,216,90,21,136,750884342,4
217,Male,217,58,38,25,878359439,4
218,Male,218,39,23,76,584636828,3
219,Male,219,53,19,57,328948986,5
220,Male,220,85,40,46,610029256,1
221,Male,221,88,30,175,838682992,4
222,Female,222,73,22,178,373085275,4
223,Male,223,66,22,142,274247534,3
224,Male,224,93,25,157,735796697,5
225,Female,225,87,24,154,890135075,4
226,Male,226,85,25,54,260025598,2
227,Male,227,46,18,24,447519760,4
228,Other / Non-Disclosed,228,77,20,80,458895739,3
229,Male,229,27,17,72,739225162,4
230,Male,230,44,24,102,983676883,3
231,Male,231,62,26,139,741828942,5
232,Male,232,27,31,114,149197197,4
233,Female,233,92,19,66,491675963,4
234,Male,234,85,16,97,693661180,2
235,Male,235,89,24,163,124736099,3
236,Male,236,46,16,107,229439373,2
237,Other / Non-Disclosed,237,51,20,16,669513167,4
238,Male,238,54,21,42,868120105,2
239,Male,239,27,30,19,633068368,1
240,Male,240,29,16,82,73523342,5
241,Male,241,50,22,10,785789836,2
242,Other / Non-Disclosed,242,60,16,39,795881413,4
243,Male,243,58,24,83,913210267,3
244,Male,244,60,24,37,822429865,3
245,Male,245,78,20,85,275162706,2
246,Male,246,71,24,139,741828942,5
247,Male,247,95,20,82,73523342,5
248,Male,248,31,44,137,804468808,3
249,Male,249,66,20,16,669513167,4
250,Male,250,71,23,87,219401326,4
251,Male,251,80,22,23,414428959,2
252,Male,252,67,39,92,226206874,5
253,Male,253,53,21,28,787734824,1
254,Female,254,42,23,94,843566870,3
255,Male,255,82,24,71,797386557,2
256,Male,256,53,23,182,73333580,4
257,Male,257,35,26,175,838682992,4
258,Male,258,67,26,149,822114229,2
259,Male,259,29,20,72,739225162,4
260,Male,260,58,16,70,61502498,1
261,Male,261,53,24,141,450267576,3
262,Male,262,79,15,172,554040562,3
263,Male,263,43,24,78,920879661,4
264,Male,264,94,35,119,351522768,4
265,Male,265,37,25,172,554040562,3
266,Male,266,43,30,113,825913036,4
267,Female,267,51,16,41,744646939,5
268,Male,268,31,17,71,797386557,2
269,Male,269,73,15,18,714965705,5
270,Male,270,79,38,85,275162706,2
271,Male,271,92,22,166,28250470,3
272,Male,272,57,8,133,413481376,4
273,Female,273,88,15,92,226206874,5
274,Female,274,36,29,82,73523342,5
275,Male,275,35,30,173,244471155,5
276,Female,276,51,16,9,997685855,3
277,Male,277,65,24,92,226206874,5
278,Female,278,81,21,167,605662909,4
279,Male,279,83,20,163,124736099,3
280,Female,280,46,20,16,669513167,4
281,Male,281,25,19,68,758889815,4
282,Male,282,61,21,155,611983663,1
283,Female,283,72,21,9,997685855,3
284,Male,284,91,24,128,338613234,5
285,Male,285,91,26,163,124736099,3
286,Male,286,67,25,153,444295861,4
287,Male,287,56,20,5,565353081,4
288,Male,288,36,18,156,865377058,2
289,Female,289,28,25,83,913210267,3
290,Male,290,52,24,147,167583558,5
291,Other / Non-Disclosed,291,51,20,35,138328180,3
292,Male,292,93,13,70,61502498,1
293,Male,293,58,22,117,453011450,2
294,Male,294,54,37,171,295692971,2
295,Male,295,75,23,52,24820903,5
296,Female,296,93,22,65,982009714,4
297,Female,297,52,16,169,267111123,2
298,Male,298,80,25,110,525016351,1
299,Male,299,84,11,164,75593083,2
300,Male,300,70,22,136,750884342,4
301,Male,301,88,25,106,840874492,3
302,Male,302,44,20,4,152567713,2
303,Male,303,84,24,71,797386557,2
304,Male,304,71,24,181,711602024,2
305,Male,305,44,20,179,351753395,4
306,Female,306,34,24,38,52020082,2
307,Male,307,76,34,53,600868667,2
308,Male,308,73,34,98,518868787,3
309,Male,309,37,25,170,52469638,4
310,Male,310,74,30,117,453011450,2
311,Male,311,57,8,71,797386557,2
312,Male,312,87,20,147,167583558,5
313,Male,313,89,23,182,73333580,4
314,Male,314,40,24,37,822429865,3
315,Male,315,83,23,107,229439373,2
316,Male,316,89,25,15,574671402,3
317,Female,317,31,18,3,89851459,2
318,Male,318,95,20,91,513480147,4
319,Male,319,90,33,144,141959555,2
320,Male,320,72,24,77,205085349,4
321,Male,321,97,33,118,933833779,2
322,Male,322,46,18,37,822429865,3
323,Male,323,83,23,131,132203229,1
324,Male,324,56,15,154,890135075,4
325,Male,325,33,23,54,260025598,2
326,Male,326,46,25,54,260025598,2
327,Female,327,75,22,17,518511827,2
328,Male,328,63,17,152,789564432,2
329,Male,329,34,20,145,687536116,5
330,Male,330,92,23,167,605662909,4
331,Male,331,32,23,7,601090968,1
332,Male,332,89,25,161,99248079,2
333,Female,333,77,17,114,149197197,4
334,Male,334,66,21,11,19401320,4
335,Male,335,85,33,67,610913158,3
336,Female,336,89,22,45,597646552,4
337,Male,337,26,15,17,518511827,2
338,Male,338,25,22,13,2015962,1
339,Female,339,66,8,124,950882900,1
340,Male,340,75,22,41,744646939,5
341,Male,341,41,41,71,797386557,2
342,Male,342,26,21,38,52020082,2
343,Male,343,32,23,49,57700465,3
344,Male,344,41,23,19,633068368,1
345,Male,345,39,19,2,697541220,2
346,Male,346,46,18,121,842816570,2
347,Female,347,65,23,11,19401320,4
348,Male,348,36,18,38,52020082,2
349,Male,349,66,20,59,53356484,4
350,Other / Non-Disclosed,350,81,15,34,462627133,2
351,Male,351,42,21,121,842816570,2
352,Male,352,91,22,79,740628524,4
353,Male,353,76,25,174,803087096,3
354,Male,354,85,21,163,124736099,3
355,Male,355,41,15,140,585294313,3
356,Male,356,70,20,138,329192965,5
357,Female,357,25,23,37,822429865,3
358,Male,358,27,24,74,636053212,4
359,Male,359,90,18,73,36565733,2
360,Male,360,84,29,14,393374429,3
361,Male,361,98,25,19,633068368,1
362,Male,362,90,22,107,229439373,2
363,Male,363,42,25,45,597646552,4
364,Male,364,72,22,88,945290596,4
365,Male,365,44,25,43,41429997,4
366,Male,366,39,22,31,86451319,2
367,Male,367,27,30,138,329192965,5
368,Male,368,58,20,3,89851459,2
369,Female,369,25,23,137,804468808,3
370,Male,370,61,19,45,597646552,4
371,Male,371,49,23,155,611983663,1
372,Male,372,30,35,64,833537568,5
373,Male,373,42,25,103,364719454,4
374,Male,374,27,16,85,275162706,2
375,Male,375,81,25,181,711602024,2
376,Male,376,66,33,59,53356484,4
377,Male,377,71,20,11,19401320,4
378,Male,378,51,23,96,191240424,3
379,Male,379,44,18,100,947929584,3
380,Male,380,84,25,50,773491350,5
381,Male,381,70,16,83,913210267,3
382,Male,382,52,24,164,75593083,2
383,Male,383,85,34,11,19401320,4
384,Female,384,33,21,110,525016351,1
385,Male,385,75,22,29,667176105,2
386,Male,386,83,21,129,120444451,2
387,Male,387,73,26,39,795881413,4
388,Male,388,94,17,128,338613234,5
389,Male,389,53,15,157,735796697,5
