Subject,SubjectId,Split,PA,AB,H,TB,BB,SF,HBP
PitcherId,112526,vs LHH,48,45,13,22,2,0,0
PitcherId,112526,vs RHH,37,37,9,13,0,0,0
PitcherId,150274,vs LHH,3,3,0,0,0,0,0
PitcherId,150274,vs RHH,2,2,0,0,0,0,0
PitcherId,276351,vs LHH,16,13,4,11,3,0,0
PitcherId,276351,vs RHH,16,14,6,13,2,0,0
PitcherId,276542,vs LHH,11,10,3,4,1,0,0
PitcherId,276542,vs RHH,8,8,1,1,0,0,0
PitcherId,279571,vs LHH,3,3,1,1,0,0,0
PitcherId,279571,vs RHH,8,8,1,2,0,0,0
PitcherId,282332,vs LHH,18,17,3,3,1,0,0
PitcherId,282332,vs RHH,60,53,13,21,7,0,0
PitcherId,285064,vs LHH,36,27,9,18,9,0,0
PitcherId,285064,vs RHH,50,44,8,9,3,0,1
PitcherId,285079,vs LHH,9,7,1,1,0,1,0
PitcherId,285079,vs RHH,17,16,6,7,1,0,0
PitcherId,407793,vs LHH,23,21,6,10,2,0,0
PitcherId,407793,vs RHH,55,50,13,21,4,0,0
PitcherId,407822,vs LHH,9,8,2,5,1,0,0
PitcherId,407822,vs RHH,17,12,5,10,2,0,2
PitcherId,407845,vs LHH,13,9,2,2,2,1,0
PitcherId,407845,vs RHH,14,13,4,5,1,0,0
PitcherId,407890,vs LHH,27,23,6,10,3,0,1
PitcherId,407890,vs RHH,36,32,9,17,4,0,0
PitcherId,408061,vs LHH,9,9,2,5,0,0,0
PitcherId,408061,vs RHH,8,7,2,3,1,0,0
PitcherId,408241,vs LHH,2,2,1,2,0,0,0
PitcherId,408241,vs RHH,3,2,0,0,1,0,0
PitcherId,424144,vs LHH,8,7,2,2,1,0,0
PitcherId,424144,vs RHH,3,3,0,0,0,0,0
PitcherId,425492,vs LHH,16,15,6,7,1,0,0
PitcherId,425492,vs RHH,12,8,3,3,3,0,1
PitcherId,425532,vs LHH,3,3,0,0,0,0,0
PitcherId,425532,vs RHH,5,5,2,2,0,0,0
PitcherId,425657,vs LHH,6,5,1,1,0,0,1
PitcherId,425657,vs RHH,1,1,1,1,0,0,0
PitcherId,425794,vs LHH,58,50,17,34,8,0,0
PitcherId,425794,vs RHH,49,44,15,20,2,2,0
PitcherId,425844,vs LHH,34,28,3,4,6,0,0
PitcherId,425844,vs RHH,15,13,3,8,2,0,0
PitcherId,429719,vs LHH,36,29,6,10,7,0,0
PitcherId,429719,vs RHH,40,37,14,32,2,0,0
PitcherId,429722,vs LHH,42,36,7,10,4,1,1
PitcherId,429722,vs RHH,32,29,6,8,3,0,0
PitcherId,430599,vs LHH,11,11,5,5,0,0,0
PitcherId,430599,vs RHH,15,12,2,2,3,0,0
PitcherId,430634,vs LHH,5,5,1,4,0,0,0
PitcherId,430634,vs RHH,6,5,1,2,1,0,0
PitcherId,430641,vs LHH,8,7,2,5,1,0,0
PitcherId,430641,vs RHH,9,9,3,3,0,0,0
PitcherId,430661,vs LHH,12,11,5,8,1,0,0
PitcherId,430661,vs RHH,16,15,2,2,1,0,0
PitcherId,430912,vs LHH,1,1,0,0,0,0,0
PitcherId,430912,vs RHH,10,9,4,5,0,1,0
PitcherId,430935,vs LHH,9,7,1,1,2,0,0
PitcherId,430935,vs RHH,72,68,20,34,3,1,0
PitcherId,431148,vs LHH,2,2,2,2,0,0,0
PitcherId,431148,vs RHH,2,2,0,0,0,0,0
PitcherId,432934,vs LHH,11,9,2,5,2,0,0
PitcherId,432934,vs RHH,10,10,3,3,0,0,0
PitcherId,433586,vs LHH,2,2,0,0,0,0,0
PitcherId,433586,vs RHH,10,9,1,1,1,0,0
PitcherId,433587,vs LHH,28,23,6,13,3,0,1
PitcherId,433587,vs RHH,64,59,19,27,5,0,0
PitcherId,433589,vs LHH,3,2,0,0,1,0,0
PitcherId,433589,vs RHH,12,11,6,11,1,0,0
PitcherId,434378,vs LHH,65,55,5,8,7,1,1
PitcherId,434378,vs RHH,39,38,10,13,1,0,0
PitcherId,434442,vs LHH,8,7,1,2,0,0,1
PitcherId,434442,vs RHH,5,5,3,3,0,0,0
PitcherId,434538,vs LHH,15,14,3,3,1,0,0
PitcherId,434538,vs RHH,60,56,12,16,4,0,0
PitcherId,434622,vs LHH,26,23,4,5,2,0,0
PitcherId,434622,vs RHH,48,42,8,14,5,0,0
PitcherId,434628,vs LHH,18,15,2,4,2,0,1
PitcherId,434628,vs RHH,23,23,8,15,0,0,0
PitcherId,434671,vs LHH,13,13,3,7,0,0,0
PitcherId,434671,vs RHH,14,13,3,9,1,0,0
PitcherId,434672,vs LHH,6,3,0,0,3,0,0
PitcherId,434672,vs RHH,15,13,1,2,2,0,0
PitcherId,435043,vs LHH,13,12,2,3,1,0,0
PitcherId,435043,vs RHH,13,11,3,3,2,0,0
PitcherId,435221,vs LHH,17,14,4,5,1,1,0
PitcherId,435221,vs RHH,9,8,5,7,1,0,0
PitcherId,435400,vs LHH,6,5,1,1,1,0,0
PitcherId,435400,vs RHH,6,4,2,3,1,1,0
PitcherId,444468,vs LHH,11,10,5,10,0,0,1
PitcherId,444468,vs RHH,15,13,6,11,2,0,0
PitcherId,444857,vs LHH,3,2,0,0,1,0,0
PitcherId,444857,vs RHH,1,1,0,0,0,0,0
PitcherId,445060,vs LHH,25,22,4,4,3,0,0
PitcherId,445060,vs RHH,52,49,11,13,2,0,1
PitcherId,445197,vs LHH,15,15,6,9,0,0,0
PitcherId,445197,vs RHH,10,10,4,8,0,0,0
PitcherId,445213,vs LHH,14,14,5,8,0,0,0
PitcherId,445213,vs RHH,12,10,4,4,1,0,1
PitcherId,445276,vs LHH,10,8,1,4,2,0,0
PitcherId,445276,vs RHH,13,12,2,4,0,1,0
PitcherId,445926,vs LHH,6,6,2,2,0,0,0
PitcherId,445926,vs RHH,8,8,4,7,0,0,0
PitcherId,445968,vs LHH,7,4,1,1,3,0,0
PitcherId,445968,vs RHH,8,7,4,6,1,0,0
PitcherId,446099,vs LHH,9,9,1,2,0,0,0
PitcherId,446099,vs RHH,14,12,2,2,1,0,1
PitcherId,446321,vs LHH,5,5,1,4,0,0,0
PitcherId,446321,vs RHH,35,32,12,17,3,0,0
PitcherId,446372,vs LHH,27,25,8,9,1,0,1
PitcherId,446372,vs RHH,47,41,8,18,5,0,1
PitcherId,446399,vs LHH,9,8,1,4,0,0,1
PitcherId,446399,vs RHH,9,9,1,1,0,0,0
PitcherId,446899,vs LHH,6,5,0,0,1,0,0
PitcherId,446899,vs RHH,23,21,6,7,2,0,0
PitcherId,448178,vs LHH,1,1,0,0,0,0,0
PitcherId,448178,vs RHH,2,1,0,0,1,0,0
PitcherId,448179,vs LHH,9,7,6,7,2,0,0
PitcherId,448179,vs RHH,54,51,10,17,1,1,0
PitcherId,448281,vs LHH,13,13,6,9,0,0,0
PitcherId,448281,vs RHH,12,11,2,5,0,0,0
PitcherId,448306,vs LHH,62,54,15,23,5,1,1
PitcherId,448306,vs RHH,47,40,8,14,6,0,1
PitcherId,448609,vs LHH,12,12,1,1,0,0,0
PitcherId,448609,vs RHH,8,6,2,3,2,0,0
PitcherId,448614,vs LHH,22,20,4,4,1,0,1
PitcherId,448614,vs RHH,19,18,5,6,1,0,0
PitcherId,448802,vs LHH,13,12,1,4,1,0,0
PitcherId,448802,vs RHH,15,14,5,11,1,0,0
PitcherId,449104,vs LHH,7,7,1,2,0,0,0
PitcherId,449104,vs RHH,12,11,3,3,1,0,0
PitcherId,450172,vs LHH,58,46,13,23,10,1,1
PitcherId,450172,vs RHH,33,28,9,16,5,0,0
PitcherId,450212,vs LHH,9,7,2,5,2,0,0
PitcherId,450212,vs RHH,10,9,3,4,1,0,0
PitcherId,450275,vs LHH,12,10,2,4,1,1,0
PitcherId,450275,vs RHH,6,5,1,1,1,0,0
PitcherId,450306,vs LHH,6,6,2,6,0,0,0
PitcherId,450306,vs RHH,41,38,6,8,3,0,0
PitcherId,450308,vs LHH,24,23,7,12,1,0,0
PitcherId,450308,vs RHH,44,39,7,10,5,0,0
PitcherId,450729,vs LHH,31,26,12,24,4,0,1
PitcherId,450729,vs RHH,20,20,6,8,0,0,0
PitcherId,451584,vs LHH,11,11,2,2,0,0,0
PitcherId,451584,vs RHH,12,12,3,5,0,0,0
PitcherId,451596,vs LHH,28,22,4,6,4,1,0
PitcherId,451596,vs RHH,40,36,11,19,4,0,0
PitcherId,451661,vs LHH,8,8,1,1,0,0,0
PitcherId,451661,vs RHH,20,17,4,8,3,0,0
PitcherId,452027,vs LHH,2,2,0,0,0,0,0
PitcherId,452027,vs RHH,3,2,1,1,1,0,0
PitcherId,452061,vs LHH,8,8,4,7,0,0,0
PitcherId,452061,vs RHH,19,18,4,7,1,0,0
PitcherId,452657,vs LHH,15,15,3,4,0,0,0
PitcherId,452657,vs RHH,62,54,12,20,4,1,2
PitcherId,452666,vs LHH,6,6,1,1,0,0,0
PitcherId,452666,vs RHH,8,6,3,5,2,0,0
PitcherId,453172,vs LHH,6,6,3,4,0,0,0
PitcherId,453172,vs RHH,20,16,1,1,3,0,1
PitcherId,453178,vs LHH,67,58,17,29,6,1,2
PitcherId,453178,vs RHH,38,33,7,10,4,1,0
PitcherId,453192,vs LHH,3,3,0,0,0,0,0
PitcherId,453192,vs RHH,29,28,3,5,1,0,0
PitcherId,453249,vs LHH,4,3,1,2,1,0,0
PitcherId,453249,vs RHH,16,14,2,3,2,0,0
PitcherId,453265,vs LHH,2,2,0,0,0,0,0
PitcherId,453265,vs RHH,20,20,4,9,0,0,0
PitcherId,453281,vs LHH,12,10,2,2,0,2,0
PitcherId,453281,vs RHH,25,23,3,5,2,0,0
PitcherId,453284,vs LHH,4,3,1,1,1,0,0
PitcherId,453284,vs RHH,14,10,5,6,3,0,1
PitcherId,453286,vs LHH,44,37,13,26,5,0,0
PitcherId,453286,vs RHH,63,59,13,22,3,1,0
PitcherId,453329,vs LHH,48,41,7,9,5,0,1
PitcherId,453329,vs RHH,25,23,4,5,1,1,0
PitcherId,453343,vs LHH,7,7,1,1,0,0,0
PitcherId,453343,vs RHH,19,19,2,3,0,0,0
PitcherId,453344,vs LHH,3,2,0,0,1,0,0
PitcherId,453344,vs RHH,15,14,4,6,0,0,0
PitcherId,453385,vs LHH,5,4,0,0,1,0,0
PitcherId,453385,vs RHH,69,60,17,23,8,1,0
PitcherId,453562,vs LHH,27,21,9,14,5,0,1
PitcherId,453562,vs RHH,49,46,10,15,2,0,0
PitcherId,453646,vs LHH,4,4,0,0,0,0,0
PitcherId,453646,vs RHH,3,2,0,0,1,0,0
PitcherId,455009,vs LHH,12,12,2,5,0,0,0
PitcherId,455009,vs RHH,10,9,3,6,0,0,1
PitcherId,455374,vs LHH,6,5,2,5,1,0,0
PitcherId,455374,vs RHH,24,21,5,9,3,0,0
PitcherId,456027,vs LHH,14,10,2,2,4,0,0
PitcherId,456027,vs RHH,11,10,3,7,1,0,0
PitcherId,456034,vs LHH,26,24,9,14,0,0,0
PitcherId,456034,vs RHH,79,73,22,41,6,0,0
PitcherId,456068,vs LHH,42,39,9,13,0,2,1
PitcherId,456068,vs RHH,36,35,8,12,0,0,1
PitcherId,456167,vs LHH,9,7,1,2,2,0,0
PitcherId,456167,vs RHH,25,20,9,16,4,0,1
PitcherId,456501,vs LHH,54,50,13,18,4,0,0
PitcherId,456501,vs RHH,33,33,9,12,0,0,0
PitcherId,456696,vs LHH,18,17,6,10,1,0,0
PitcherId,456696,vs RHH,16,14,3,4,1,0,1
PitcherId,456713,vs LHH,7,7,1,1,0,0,0
PitcherId,456713,vs RHH,19,19,3,4,0,0,0
PitcherId,457429,vs LHH,11,6,1,1,3,0,1
PitcherId,457429,vs RHH,9,8,3,10,1,0,0
PitcherId,457435,vs LHH,6,5,2,3,1,0,0
PitcherId,457435,vs RHH,10,8,1,1,2,0,0
PitcherId,457732,vs LHH,6,5,1,1,0,0,1
PitcherId,457732,vs RHH,23,21,8,13,1,1,0
PitcherId,457918,vs LHH,27,25,7,10,2,0,0
PitcherId,457918,vs RHH,77,68,12,15,8,0,1
PitcherId,458006,vs LHH,6,6,3,5,0,0,0
PitcherId,458006,vs RHH,4,4,1,2,0,0,0
PitcherId,458677,vs LHH,7,6,2,2,1,0,0
PitcherId,458677,vs RHH,19,15,2,5,4,0,0
PitcherId,458708,vs LHH,35,33,6,9,0,1,0
PitcherId,458708,vs RHH,42,42,10,15,0,0,0
PitcherId,459429,vs LHH,5,3,2,2,2,0,0
PitcherId,459429,vs RHH,3,3,1,1,0,0,0
PitcherId,460059,vs LHH,11,10,5,9,0,0,0
PitcherId,460059,vs RHH,8,8,3,3,0,0,0
PitcherId,460283,vs LHH,9,7,2,3,1,0,1
PitcherId,460283,vs RHH,8,7,1,4,1,0,0
PitcherId,461325,vs LHH,10,10,2,3,0,0,0
PitcherId,461325,vs RHH,22,18,7,15,4,0,0
PitcherId,461829,vs LHH,14,13,7,8,1,0,0
PitcherId,461829,vs RHH,53,46,15,18,5,0,2
PitcherId,461872,vs LHH,3,2,0,0,1,0,0
PitcherId,461872,vs RHH,4,4,0,0,0,0,0
PitcherId,462136,vs LHH,53,48,7,11,5,0,0
PitcherId,462136,vs RHH,21,19,2,3,2,0,0
PitcherId,462382,vs LHH,19,19,4,5,0,0,0
PitcherId,462382,vs RHH,16,14,5,6,2,0,0
PitcherId,462515,vs LHH,12,11,0,0,1,0,0
PitcherId,462515,vs RHH,8,7,0,0,1,0,0
PitcherId,465657,vs LHH,9,9,2,2,0,0,0
PitcherId,465657,vs RHH,10,10,4,9,0,0,0
PitcherId,467008,vs LHH,8,8,1,3,0,0,0
PitcherId,467008,vs RHH,6,3,0,0,2,0,1
PitcherId,467100,vs LHH,19,17,10,13,0,2,0
PitcherId,467100,vs RHH,43,37,12,14,0,2,2
PitcherId,468504,vs LHH,25,24,2,5,1,0,0
PitcherId,468504,vs RHH,46,41,12,13,4,1,0
PitcherId,471822,vs LHH,7,6,2,4,1,0,0
PitcherId,471822,vs RHH,24,23,4,5,1,0,0
PitcherId,471911,vs RHH,1,1,1,1,0,0,0
PitcherId,472551,vs LHH,3,2,1,1,0,0,1
PitcherId,472551,vs RHH,2,1,1,4,1,0,0
PitcherId,472610,vs LHH,13,11,3,4,2,0,0
PitcherId,472610,vs RHH,8,7,3,7,1,0,0
PitcherId,473879,vs LHH,10,8,1,1,2,0,0
PitcherId,473879,vs RHH,14,13,3,3,1,0,0
PitcherId,474284,vs LHH,2,1,0,0,1,0,0
PitcherId,474284,vs RHH,17,16,8,12,1,0,0
PitcherId,474463,vs LHH,13,12,6,6,0,1,0
PitcherId,474463,vs RHH,22,20,5,10,1,0,0
PitcherId,474699,vs LHH,10,8,1,1,2,0,0
PitcherId,474699,vs RHH,5,3,0,0,2,0,0
PitcherId,475054,vs LHH,5,3,0,0,1,0,1
PitcherId,475054,vs RHH,12,12,2,3,0,0,0
PitcherId,475243,vs LHH,6,6,0,0,0,0,0
PitcherId,475243,vs RHH,8,7,0,0,1,0,0
PitcherId,475479,vs LHH,16,13,2,2,3,0,0
PitcherId,475479,vs RHH,12,10,1,1,2,0,0
PitcherId,476123,vs LHH,15,13,5,5,2,0,0
PitcherId,476123,vs RHH,13,11,2,6,2,0,0
PitcherId,476451,vs LHH,40,38,7,10,2,0,0
PitcherId,476451,vs RHH,24,21,4,5,1,0,2
PitcherId,476454,vs LHH,6,5,2,2,1,0,0
PitcherId,476454,vs RHH,15,11,3,6,4,0,0
PitcherId,476589,vs LHH,15,13,4,10,2,0,0
PitcherId,476589,vs RHH,24,22,6,8,1,0,0
PitcherId,477132,vs LHH,24,24,2,2,0,0,0
PitcherId,477132,vs RHH,48,45,10,14,2,1,0
PitcherId,477569,vs LHH,20,20,4,8,0,0,0
PitcherId,477569,vs RHH,14,14,2,5,0,0,0
PitcherId,488748,vs LHH,1,1,0,0,0,0,0
PitcherId,488748,vs RHH,7,6,1,1,1,0,0
PitcherId,488768,vs LHH,30,25,8,15,5,0,0
PitcherId,488768,vs RHH,29,26,7,13,3,0,0
PitcherId,488786,vs LHH,6,3,1,1,3,0,0
PitcherId,488786,vs RHH,19,15,5,14,4,0,0
PitcherId,488846,vs LHH,8,8,0,0,0,0,0
PitcherId,488846,vs RHH,6,6,0,0,0,0,0
PitcherId,488984,vs LHH,9,9,3,4,0,0,0
PitcherId,488984,vs RHH,18,17,6,6,1,0,0
PitcherId,489119,vs LHH,10,8,0,0,1,0,1
PitcherId,489119,vs RHH,64,63,17,24,1,0,0
PitcherId,489265,vs LHH,12,12,4,5,0,0,0
PitcherId,489265,vs RHH,11,11,1,1,0,0,0
PitcherId,489294,vs LHH,3,3,0,0,0,0,0
PitcherId,489294,vs RHH,19,17,4,7,2,0,0
PitcherId,489446,vs LHH,2,1,0,0,1,0,0
PitcherId,489446,vs RHH,14,11,3,4,3,0,0
PitcherId,490063,vs LHH,21,19,5,6,2,0,0
PitcherId,490063,vs RHH,24,23,9,13,1,0,0
PitcherId,491646,vs LHH,13,11,7,13,2,0,0
PitcherId,491646,vs RHH,7,5,2,3,1,0,1
PitcherId,491708,vs LHH,5,5,0,0,0,0,0
PitcherId,491708,vs RHH,9,6,0,0,3,0,0
PitcherId,493157,vs LHH,13,12,1,2,1,0,0
PitcherId,493157,vs RHH,13,11,2,3,1,0,1
PitcherId,493200,vs LHH,14,14,4,5,0,0,0
PitcherId,493200,vs RHH,16,16,4,7,0,0,0
PitcherId,493247,vs LHH,8,7,2,5,1,0,0
PitcherId,493247,vs RHH,19,17,2,3,1,1,0
PitcherId,493603,vs LHH,7,7,1,4,0,0,0
PitcherId,493603,vs RHH,9,9,2,5,0,0,0
PitcherId,497807,vs LHH,15,13,3,9,2,0,0
PitcherId,497807,vs RHH,11,10,3,6,0,0,0
PitcherId,500610,vs LHH,7,7,4,7,0,0,0
PitcherId,500610,vs RHH,18,16,6,8,2,0,0
PitcherId,500724,vs LHH,11,11,3,4,0,0,0
PitcherId,500724,vs RHH,21,16,2,3,4,1,0
PitcherId,500779,vs LHH,18,15,6,10,3,0,0
PitcherId,500779,vs RHH,54,49,15,23,5,0,0
PitcherId,501381,vs LHH,21,18,4,6,3,0,0
PitcherId,501381,vs RHH,45,41,9,21,4,0,0
PitcherId,501593,vs LHH,10,10,2,2,0,0,0
PitcherId,501593,vs RHH,5,4,0,0,1,0,0
PitcherId,501625,vs LHH,3,3,0,0,0,0,0
PitcherId,501625,vs RHH,13,13,5,5,0,0,0
PitcherId,501697,vs LHH,9,8,2,4,1,0,0
PitcherId,501697,vs RHH,21,20,6,8,0,0,0
PitcherId,501789,vs LHH,13,12,2,2,1,0,0
PitcherId,501789,vs RHH,9,8,2,3,1,0,0
PitcherId,501817,vs LHH,3,3,1,1,0,0,0
PitcherId,501817,vs RHH,5,4,1,1,1,0,0
PitcherId,501925,vs LHH,2,2,0,0,0,0,0
PitcherId,501925,vs RHH,14,14,2,2,0,0,0
PitcherId,501957,vs LHH,24,21,7,9,2,0,1
PitcherId,501957,vs RHH,38,30,8,16,5,2,1
PitcherId,502004,vs LHH,3,3,1,1,0,0,0
PitcherId,502004,vs RHH,7,5,1,1,1,1,0
PitcherId,502009,vs LHH,6,5,1,1,1,0,0
PitcherId,502009,vs RHH,9,8,4,7,1,0,0
PitcherId,502026,vs LHH,1,1,1,2,0,0,0
PitcherId,502026,vs RHH,14,12,2,2,2,0,0
PitcherId,502028,vs LHH,14,12,4,8,2,0,0
PitcherId,502028,vs RHH,21,21,6,14,0,0,0
PitcherId,502032,vs LHH,1,1,0,0,0,0,0
PitcherId,502032,vs RHH,3,3,2,5,0,0,0
PitcherId,502042,vs LHH,45,42,11,24,3,0,0
PitcherId,502042,vs RHH,36,34,9,11,2,0,0
PitcherId,502043,vs LHH,42,34,9,11,7,0,1
PitcherId,502043,vs RHH,35,34,12,18,0,0,1
PitcherId,502046,vs LHH,2,2,0,0,0,0,0
PitcherId,502046,vs RHH,3,3,2,2,0,0,0
PitcherId,502051,vs LHH,5,5,1,4,0,0,0
PitcherId,502051,vs RHH,14,13,0,0,1,0,0
PitcherId,502083,vs LHH,8,7,1,1,1,0,0
PitcherId,502083,vs RHH,14,12,1,1,2,0,0
PitcherId,502085,vs LHH,9,9,2,3,0,0,0
PitcherId,502085,vs RHH,5,3,0,0,1,0,1
PitcherId,502087,vs LHH,16,15,8,10,1,0,0
PitcherId,502087,vs RHH,7,5,1,1,2,0,0
PitcherId,502154,vs LHH,6,6,3,3,0,0,0
PitcherId,502154,vs RHH,23,23,4,4,0,0,0
PitcherId,502171,vs LHH,23,20,11,22,3,0,0
PitcherId,502171,vs RHH,10,10,6,10,0,0,0
PitcherId,502188,vs LHH,41,38,11,16,3,0,0
PitcherId,502188,vs RHH,34,30,5,5,2,0,0
PitcherId,502190,vs LHH,35,31,9,13,4,0,0
PitcherId,502190,vs RHH,32,31,10,10,0,1,0
PitcherId,502202,vs LHH,16,10,2,2,4,1,1
PitcherId,502202,vs RHH,17,14,4,7,3,0,0
PitcherId,502239,vs LHH,5,5,0,0,0,0,0
PitcherId,502239,vs RHH,16,13,2,3,3,0,0
PitcherId,502327,vs LHH,14,13,1,1,1,0,0
PitcherId,502327,vs RHH,85,77,20,38,7,0,0
PitcherId,502381,vs LHH,13,11,3,7,2,0,0
PitcherId,502381,vs RHH,14,12,5,6,1,1,0
PitcherId,502522,vs LHH,8,8,3,10,0,0,0
PitcherId,502522,vs RHH,7,6,2,2,1,0,0
PitcherId,502624,vs LHH,27,25,5,8,2,0,0
PitcherId,502624,vs RHH,42,38,12,23,4,0,0
PitcherId,502706,vs LHH,4,4,1,1,0,0,0
PitcherId,502706,vs RHH,25,23,6,9,2,0,0
PitcherId,502748,vs LHH,22,18,2,6,4,0,0
PitcherId,502748,vs RHH,38,34,7,15,4,0,0
PitcherId,503285,vs LHH,2,2,1,4,0,0,0
PitcherId,503285,vs RHH,11,11,1,1,0,0,0
PitcherId,503444,vs LHH,9,8,1,2,1,0,0
PitcherId,503444,vs RHH,9,7,1,2,2,0,0
PitcherId,503449,vs LHH,44,41,12,15,2,0,0
PitcherId,503449,vs RHH,28,26,7,8,2,0,0
PitcherId,504379,vs LHH,15,13,2,3,1,1,0
PitcherId,504379,vs RHH,27,27,8,11,0,0,0
PitcherId,506433,vs LHH,40,36,6,9,3,1,0
PitcherId,506433,vs RHH,34,31,6,10,3,0,0
PitcherId,514669,vs RHH,7,6,0,0,1,0,0
PitcherId,516714,vs LHH,7,6,2,2,1,0,0
PitcherId,516714,vs RHH,5,5,2,5,0,0,0
PitcherId,516969,vs LHH,19,17,6,9,2,0,0
PitcherId,516969,vs RHH,13,11,5,8,1,1,0
PitcherId,517008,vs LHH,17,17,3,3,0,0,0
PitcherId,517008,vs RHH,14,14,5,5,0,0,0
PitcherId,517414,vs LHH,11,7,1,1,3,1,0
PitcherId,517414,vs RHH,14,11,2,6,2,0,1
PitcherId,518397,vs LHH,5,5,2,2,0,0,0
PitcherId,518397,vs RHH,3,3,1,3,0,0,0
PitcherId,518452,vs LHH,47,38,9,11,5,0,1
PitcherId,518452,vs RHH,32,29,12,22,3,0,0
PitcherId,518468,vs LHH,2,1,1,2,1,0,0
PitcherId,518468,vs RHH,5,3,0,0,1,1,0
PitcherId,518516,vs LHH,21,21,1,1,0,0,0
PitcherId,518516,vs RHH,57,53,13,25,2,0,2
PitcherId,518553,vs LHH,15,12,1,1,3,0,0
PitcherId,518553,vs RHH,7,6,1,2,1,0,0
PitcherId,518560,vs LHH,22,21,3,7,1,0,0
PitcherId,518560,vs RHH,41,38,7,11,2,0,1
PitcherId,518567,vs LHH,31,26,4,7,2,0,1
PitcherId,518567,vs RHH,45,42,11,20,3,0,0
PitcherId,518617,vs LHH,4,4,1,1,0,0,0
PitcherId,518617,vs RHH,14,9,2,3,5,0,0
PitcherId,518633,vs LHH,11,10,3,3,0,0,0
PitcherId,518633,vs RHH,69,61,20,40,8,0,0
PitcherId,518715,vs LHH,2,2,0,0,0,0,0
PitcherId,518715,vs RHH,11,11,2,4,0,0,0
PitcherId,518716,vs LHH,18,14,5,8,2,0,2
PitcherId,518716,vs RHH,25,24,6,8,0,0,0
PitcherId,518748,vs LHH,7,6,3,4,1,0,0
PitcherId,518748,vs RHH,13,11,4,6,2,0,0
PitcherId,518858,vs LHH,6,5,1,1,1,0,0
PitcherId,518858,vs RHH,7,7,1,2,0,0,0
PitcherId,518875,vs LHH,9,9,1,1,0,0,0
PitcherId,518875,vs RHH,13,12,0,0,1,0,0
PitcherId,518883,vs LHH,14,13,3,4,1,0,0
PitcherId,518883,vs RHH,13,12,3,4,1,0,0
PitcherId,518886,vs LHH,15,10,1,1,4,1,0
PitcherId,518886,vs RHH,17,13,1,4,3,0,0
PitcherId,518927,vs LHH,9,9,1,1,0,0,0
PitcherId,518927,vs RHH,13,10,4,10,2,0,0
PitcherId,519043,vs LHH,28,28,6,7,0,0,0
PitcherId,519043,vs RHH,64,56,17,21,6,0,1
PitcherId,519076,vs LHH,37,33,9,10,4,0,0
PitcherId,519076,vs RHH,37,33,9,22,4,0,0
PitcherId,519085,vs LHH,4,4,1,1,0,0,0
PitcherId,519085,vs RHH,21,18,4,11,2,0,1
PitcherId,519096,vs LHH,11,11,0,0,0,0,0
PitcherId,519096,vs RHH,12,12,3,3,0,0,0
PitcherId,519141,vs LHH,17,17,5,8,0,0,0
PitcherId,519141,vs RHH,26,24,6,13,2,0,0
PitcherId,519144,vs LHH,33,32,9,11,1,0,0
PitcherId,519144,vs RHH,55,51,11,19,2,1,1
PitcherId,519151,vs LHH,5,5,1,1,0,0,0
PitcherId,519151,vs RHH,6,5,1,1,0,0,1
PitcherId,519168,vs LHH,5,4,1,1,1,0,0
PitcherId,519168,vs RHH,4,4,1,1,0,0,0
PitcherId,519186,vs LHH,7,4,3,4,2,1,0
PitcherId,519186,vs RHH,4,3,0,0,1,0,0
PitcherId,519240,vs LHH,8,6,2,3,0,1,0
PitcherId,519240,vs RHH,6,4,2,2,2,0,0
PitcherId,519242,vs LHH,15,14,3,4,0,0,1
PitcherId,519242,vs RHH,93,87,25,47,2,1,3
PitcherId,519267,vs LHH,9,8,1,2,0,0,0
PitcherId,519267,vs RHH,22,21,1,2,1,0,0
PitcherId,519293,vs LHH,7,6,1,1,1,0,0
PitcherId,519293,vs RHH,11,11,1,1,0,0,0
PitcherId,519294,vs LHH,9,7,2,2,2,0,0
PitcherId,519294,vs RHH,11,11,3,6,0,0,0
PitcherId,519301,vs LHH,5,5,1,2,0,0,0
PitcherId,519301,vs RHH,6,5,0,0,1,0,0
PitcherId,519322,vs LHH,4,4,0,0,0,0,0
PitcherId,519322,vs RHH,13,13,1,1,0,0,0
PitcherId,519326,vs LHH,4,3,1,2,1,0,0
PitcherId,519326,vs RHH,7,7,1,1,0,0,0
PitcherId,519381,vs LHH,7,6,1,2,1,0,0
PitcherId,519381,vs RHH,5,4,1,1,1,0,0
PitcherId,519437,vs LHH,3,3,1,1,0,0,0
PitcherId,519437,vs RHH,2,2,1,1,0,0,0
PitcherId,519455,vs LHH,14,14,3,7,0,0,0
PitcherId,519455,vs RHH,16,12,4,6,3,0,0
PitcherId,520980,vs LHH,8,7,1,1,1,0,0
PitcherId,520980,vs RHH,18,18,3,4,0,0,0
PitcherId,521230,vs LHH,15,12,4,5,3,0,0
PitcherId,521230,vs RHH,19,18,3,7,1,0,0
PitcherId,523260,vs LHH,12,11,2,5,1,0,0
PitcherId,523260,vs RHH,18,18,4,4,0,0,0
PitcherId,523848,vs LHH,15,13,7,7,2,0,0
PitcherId,523848,vs RHH,15,12,3,4,2,0,1
PitcherId,527048,vs LHH,4,3,0,0,0,1,0
PitcherId,527048,vs RHH,71,65,20,33,4,0,1
PitcherId,527054,vs LHH,31,29,11,19,1,0,1
PitcherId,527054,vs RHH,46,43,7,9,3,0,0
PitcherId,532077,vs LHH,27,26,8,14,1,0,0
PitcherId,532077,vs RHH,20,18,4,4,1,1,0
PitcherId,534737,vs LHH,8,8,3,7,0,0,0
PitcherId,534737,vs RHH,30,28,7,8,2,0,0
PitcherId,534812,vs LHH,11,10,4,7,0,0,0
PitcherId,534812,vs RHH,17,15,3,6,1,1,0
PitcherId,534947,vs LHH,37,36,9,11,1,0,0
PitcherId,534947,vs RHH,34,31,6,15,1,1,1
PitcherId,541640,vs LHH,11,11,2,2,0,0,0
PitcherId,541640,vs RHH,17,15,3,6,2,0,0
PitcherId,541652,vs LHH,21,18,2,2,2,0,1
PitcherId,541652,vs RHH,7,6,2,5,1,0,0
PitcherId,542432,vs LHH,14,12,4,5,2,0,0
PitcherId,542432,vs RHH,12,10,2,3,0,1,1
PitcherId,542609,vs LHH,9,7,2,6,2,0,0
PitcherId,542609,vs RHH,9,9,3,4,0,0,0
PitcherId,542866,vs LHH,7,7,5,10,0,0,0
PitcherId,542866,vs RHH,7,6,2,3,1,0,0
PitcherId,542881,vs LHH,15,15,5,7,0,0,0
PitcherId,542881,vs RHH,45,41,13,21,2,1,1
PitcherId,542882,vs LHH,30,29,7,14,0,1,0
PitcherId,542882,vs RHH,37,34,10,12,2,1,0
PitcherId,542888,vs LHH,10,10,2,3,0,0,0
PitcherId,542888,vs RHH,10,9,2,5,1,0,0
PitcherId,542947,vs LHH,7,6,0,0,1,0,0
PitcherId,542947,vs RHH,9,9,2,2,0,0,0
PitcherId,542953,vs LHH,9,8,2,3,1,0,0
PitcherId,542953,vs RHH,13,11,2,2,1,1,0
PitcherId,542960,vs LHH,10,8,2,6,2,0,0
PitcherId,542960,vs RHH,23,21,6,7,2,0,0
PitcherId,543017,vs LHH,12,11,4,7,1,0,0
PitcherId,543017,vs RHH,6,5,1,1,1,0,0
PitcherId,543022,vs LHH,56,46,12,21,8,0,2
PitcherId,543022,vs RHH,20,20,4,7,0,0,0
PitcherId,543045,vs LHH,2,2,0,0,0,0,0
PitcherId,543045,vs RHH,10,9,2,2,1,0,0
PitcherId,543054,vs LHH,16,13,5,6,3,0,0
PitcherId,543054,vs RHH,12,9,3,6,3,0,0
PitcherId,543056,vs LHH,10,9,1,1,1,0,0
PitcherId,543056,vs RHH,9,9,1,1,0,0,0
PitcherId,543101,vs LHH,27,24,4,5,3,0,0
PitcherId,543101,vs RHH,47,42,14,22,5,0,0
PitcherId,543118,vs LHH,10,10,1,2,0,0,0
PitcherId,543118,vs RHH,15,14,2,3,1,0,0
PitcherId,543144,vs LHH,14,10,1,1,3,0,1
PitcherId,543144,vs RHH,15,12,3,7,1,0,1
PitcherId,543169,vs LHH,4,3,0,0,1,0,0
PitcherId,543169,vs RHH,22,16,5,9,5,0,0
PitcherId,543184,vs LHH,15,12,2,4,3,0,0
PitcherId,543184,vs RHH,60,57,14,22,3,0,0
PitcherId,543195,vs LHH,18,16,5,6,2,0,0
PitcherId,543195,vs RHH,23,20,3,6,3,0,0
PitcherId,543219,vs LHH,5,4,0,0,0,0,1
PitcherId,543219,vs RHH,11,8,4,7,3,0,0
PitcherId,543243,vs LHH,1,1,1,1,0,0,0
PitcherId,543243,vs RHH,3,3,0,0,0,0,0
PitcherId,543272,vs LHH,10,10,1,2,0,0,0
PitcherId,543272,vs RHH,28,26,5,10,2,0,0
PitcherId,543278,vs LHH,10,7,1,1,3,0,0
PitcherId,543278,vs RHH,18,17,3,3,1,0,0
PitcherId,543294,vs LHH,24,23,5,7,0,0,1
PitcherId,543294,vs RHH,47,46,14,17,1,0,0
PitcherId,543339,vs LHH,13,13,2,5,0,0,0
PitcherId,543339,vs RHH,13,11,3,4,2,0,0
PitcherId,543359,vs LHH,9,7,1,1,2,0,0
PitcherId,543359,vs RHH,7,5,4,5,1,1,0
PitcherId,543380,vs LHH,10,8,2,5,2,0,0
PitcherId,543380,vs RHH,11,9,1,1,2,0,0
PitcherId,543408,vs LHH,49,36,8,14,12,1,0
PitcherId,543408,vs RHH,28,24,8,17,3,0,0
PitcherId,543475,vs LHH,7,5,2,3,1,0,1
PitcherId,543475,vs RHH,9,8,3,4,1,0,0
PitcherId,543483,vs LHH,9,5,2,2,4,0,0
PitcherId,543483,vs RHH,11,9,3,6,1,0,0
PitcherId,543506,vs LHH,11,11,4,4,0,0,0
PitcherId,543506,vs RHH,11,11,4,5,0,0,0
PitcherId,543521,vs LHH,63,57,13,21,6,0,0
PitcherId,543521,vs RHH,43,40,4,5,2,0,1
PitcherId,543542,vs LHH,18,15,4,7,2,1,0
PitcherId,543542,vs RHH,42,37,7,11,5,0,0
PitcherId,543548,vs LHH,6,4,1,1,1,0,0
PitcherId,543548,vs RHH,9,6,1,4,2,1,0
PitcherId,543557,vs LHH,8,8,0,0,0,0,0
PitcherId,543557,vs RHH,36,32,7,13,4,0,0
PitcherId,543606,vs LHH,26,24,2,2,1,0,1
PitcherId,543606,vs RHH,34,32,10,21,2,0,0
PitcherId,543699,vs LHH,20,16,2,2,4,0,0
PitcherId,543699,vs RHH,48,44,8,17,4,0,0
PitcherId,543716,vs RHH,4,4,1,4,0,0,0
PitcherId,543726,vs LHH,14,10,3,5,4,0,0
PitcherId,543726,vs RHH,8,8,3,5,0,0,0
PitcherId,543734,vs LHH,12,12,0,0,0,0,0
PitcherId,543734,vs RHH,23,23,4,8,0,0,0
PitcherId,543746,vs LHH,11,10,4,5,1,0,0
PitcherId,543746,vs RHH,16,16,1,1,0,0,0
PitcherId,543766,vs LHH,11,10,3,3,1,0,0
PitcherId,543766,vs RHH,16,15,4,5,1,0,0
PitcherId,543779,vs LHH,11,10,2,2,1,0,0
PitcherId,543779,vs RHH,13,13,3,8,0,0,0
PitcherId,543859,vs LHH,8,7,2,5,1,0,0
PitcherId,543859,vs RHH,20,18,6,10,2,0,0
PitcherId,543883,vs LHH,11,10,2,2,1,0,0
PitcherId,543883,vs RHH,23,22,8,15,1,0,0
PitcherId,543901,vs LHH,16,14,2,5,2,0,0
PitcherId,543901,vs RHH,20,19,4,7,0,0,1
PitcherId,543935,vs LHH,18,17,5,12,1,0,0
PitcherId,543935,vs RHH,13,12,3,4,1,0,0
PitcherId,544150,vs LHH,17,16,4,6,1,0,0
PitcherId,544150,vs RHH,20,19,6,13,1,0,0
PitcherId,544727,vs LHH,20,16,4,5,4,0,0
PitcherId,544727,vs RHH,20,15,1,1,3,1,0
PitcherId,544759,vs RHH,4,4,0,0,0,0,0
PitcherId,544836,vs LHH,6,6,3,7,0,0,0
PitcherId,544836,vs RHH,9,8,1,4,1,0,0
PitcherId,544930,vs LHH,3,2,2,2,0,0,1
PitcherId,544930,vs RHH,6,6,2,3,0,0,0
PitcherId,544993,vs LHH,4,3,0,0,0,1,0
PitcherId,544993,vs RHH,4,4,0,0,0,0,0
PitcherId,545332,vs LHH,6,5,1,2,1,0,0
PitcherId,545332,vs RHH,5,5,0,0,0,0,0
PitcherId,545333,vs LHH,36,34,6,11,1,0,1
PitcherId,545333,vs RHH,50,42,17,29,5,0,2
PitcherId,545363,vs LHH,13,12,1,1,0,0,1
PitcherId,545363,vs RHH,8,7,1,2,1,0,0
PitcherId,546276,vs LHH,6,6,1,2,0,0,0
PitcherId,546276,vs RHH,5,4,1,1,1,0,0
PitcherId,547179,vs LHH,21,18,6,9,3,0,0
PitcherId,547179,vs RHH,16,16,0,0,0,0,0
PitcherId,547749,vs LHH,6,6,2,3,0,0,0
PitcherId,547749,vs RHH,5,5,0,0,0,0,0
PitcherId,547874,vs LHH,20,20,8,13,0,0,0
PitcherId,547874,vs RHH,40,36,13,19,4,0,0
PitcherId,547888,vs LHH,27,23,7,16,3,1,0
PitcherId,547888,vs RHH,27,25,4,10,2,0,0
PitcherId,547973,vs LHH,4,3,0,0,1,0,0
PitcherId,547973,vs RHH,18,16,1,1,2,0,0
PitcherId,548337,vs LHH,9,7,2,2,2,0,0
PitcherId,548337,vs RHH,6,6,2,5,0,0,0
PitcherId,548357,vs LHH,5,4,1,4,1,0,0
PitcherId,548357,vs RHH,3,3,1,1,0,0,0
PitcherId,548389,vs LHH,11,10,3,3,1,0,0
PitcherId,548389,vs RHH,31,26,5,7,4,0,0
PitcherId,553878,vs LHH,9,8,0,0,1,0,0
PitcherId,553878,vs RHH,22,21,8,14,1,0,0
PitcherId,570240,vs LHH,2,1,0,0,1,0,0
PitcherId,570240,vs RHH,12,12,2,5,0,0,0
PitcherId,570257,vs LHH,18,16,6,6,2,0,0
PitcherId,570257,vs RHH,17,16,2,3,0,0,1
PitcherId,570632,vs LHH,30,25,9,19,5,0,0
PitcherId,570632,vs RHH,24,23,10,20,0,0,0
PitcherId,570649,vs LHH,43,40,10,20,1,1,1
PitcherId,570649,vs RHH,43,38,15,21,5,0,0
PitcherId,570663,vs LHH,16,15,2,2,1,0,0
PitcherId,570663,vs RHH,13,12,2,5,1,0,0
PitcherId,570666,vs LHH,39,37,10,17,2,0,0
PitcherId,570666,vs RHH,50,47,12,18,1,1,1
PitcherId,571473,vs LHH,7,6,0,0,1,0,0
PitcherId,571473,vs RHH,7,7,1,1,0,0,0
PitcherId,571476,vs LHH,15,11,5,8,4,0,0
PitcherId,571476,vs RHH,19,17,1,1,0,0,2
PitcherId,571510,vs LHH,3,2,0,0,1,0,0
PitcherId,571510,vs RHH,29,29,8,17,0,0,0
PitcherId,571539,vs LHH,12,10,2,3,1,0,1
PitcherId,571539,vs RHH,6,6,0,0,0,0,0
PitcherId,571561,vs LHH,7,6,0,0,1,0,0
PitcherId,571561,vs RHH,16,14,7,9,2,0,0
PitcherId,571572,vs LHH,4,4,0,0,0,0,0
PitcherId,571572,vs RHH,11,9,5,12,2,0,0
PitcherId,571578,vs LHH,12,12,1,1,0,0,0
PitcherId,571578,vs RHH,21,20,2,2,1,0,0
PitcherId,571656,vs LHH,18,14,3,7,3,0,0
PitcherId,571656,vs RHH,5,3,1,1,1,1,0
PitcherId,571666,vs LHH,35,32,8,12,2,1,0
PitcherId,571666,vs RHH,33,31,7,11,2,0,0
PitcherId,571704,vs LHH,15,12,2,2,3,0,0
PitcherId,571704,vs RHH,18,13,4,8,5,0,0
PitcherId,571710,vs LHH,6,5,0,0,1,0,0
PitcherId,571710,vs RHH,22,18,2,2,1,0,3
PitcherId,571800,vs LHH,9,6,3,7,2,1,0
PitcherId,571800,vs RHH,12,10,0,0,1,0,0
PitcherId,571863,vs LHH,22,21,3,3,1,0,0
PitcherId,571863,vs RHH,27,24,4,9,0,0,2
PitcherId,571871,vs LHH,8,6,2,2,0,1,1
PitcherId,571871,vs RHH,8,7,2,2,1,0,0
PitcherId,571882,vs LHH,7,7,3,6,0,0,0
PitcherId,571882,vs RHH,8,8,1,1,0,0,0
PitcherId,571893,vs LHH,8,7,2,2,1,0,0
PitcherId,571893,vs RHH,8,8,3,4,0,0,0
PitcherId,571901,vs LHH,8,7,1,1,1,0,0
PitcherId,571901,vs RHH,4,3,1,2,1,0,0
PitcherId,571946,vs LHH,41,37,10,16,4,0,0
PitcherId,571946,vs RHH,27,24,5,6,2,1,0
PitcherId,571951,vs LHH,29,23,3,4,6,0,0
PitcherId,571951,vs RHH,43,38,10,14,4,0,0
PitcherId,572020,vs LHH,2,2,1,1,0,0,0
PitcherId,572020,vs RHH,71,69,14,22,2,0,0
PitcherId,572021,vs LHH,6,6,3,5,0,0,0
PitcherId,572021,vs RHH,6,5,2,5,1,0,0
PitcherId,572044,vs LHH,9,8,3,3,1,0,0
PitcherId,572044,vs RHH,10,10,3,6,0,0,0
PitcherId,572086,vs LHH,9,8,2,2,1,0,0
PitcherId,572086,vs RHH,14,11,4,6,2,1,0
PitcherId,572096,vs LHH,18,17,5,5,1,0,0
PitcherId,572096,vs RHH,12,11,2,2,1,0,0
PitcherId,572102,vs LHH,7,5,2,5,2,0,0
PitcherId,572102,vs RHH,12,10,5,8,2,0,0
PitcherId,572119,vs LHH,5,3,1,1,2,0,0
PitcherId,572119,vs RHH,7,5,4,5,0,0,1
PitcherId,572140,vs LHH,1,0,0,0,1,0,0
PitcherId,572140,vs RHH,8,7,3,3,1,0,0
PitcherId,572193,vs LHH,7,7,1,2,0,0,0
PitcherId,572193,vs RHH,11,9,1,1,1,0,1
PitcherId,572308,vs LHH,7,6,0,0,1,0,0
PitcherId,572308,vs RHH,23,20,5,10,3,0,0
PitcherId,572750,vs LHH,15,11,5,5,2,1,1
PitcherId,572750,vs RHH,16,13,5,7,3,0,0
PitcherId,572788,vs LHH,16,15,3,7,1,0,0
PitcherId,572788,vs RHH,11,8,0,0,1,0,1
PitcherId,572831,vs LHH,12,11,4,4,1,0,0
PitcherId,572831,vs RHH,12,10,3,3,1,1,0
PitcherId,572888,vs LHH,15,13,6,9,1,0,0
PitcherId,572888,vs RHH,13,12,4,4,0,1,0
PitcherId,572990,vs LHH,9,7,1,1,2,0,0
PitcherId,572990,vs RHH,10,7,1,1,3,0,0
PitcherId,573009,vs LHH,3,2,2,3,0,0,0
PitcherId,573009,vs RHH,4,2,2,2,2,0,0
PitcherId,573046,vs LHH,3,2,0,0,1,0,0
PitcherId,573046,vs RHH,13,13,3,7,0,0,0
PitcherId,573064,vs LHH,5,5,1,1,0,0,0
PitcherId,573064,vs RHH,6,6,1,2,0,0,0
PitcherId,573109,vs LHH,25,21,4,4,4,0,0
PitcherId,573109,vs RHH,8,8,4,5,0,0,0
PitcherId,573124,vs LHH,12,12,2,3,0,0,0
PitcherId,573124,vs RHH,16,14,3,5,2,0,0
PitcherId,573185,vs LHH,23,21,1,3,2,0,0
PitcherId,573185,vs RHH,56,49,15,31,6,0,1
PitcherId,573186,vs LHH,36,30,8,8,4,0,0
PitcherId,573186,vs RHH,46,42,9,12,3,1,0
PitcherId,573589,vs LHH,11,10,1,2,1,0,0
PitcherId,573589,vs RHH,9,8,1,1,1,0,0
PitcherId,573668,vs LHH,12,10,3,4,1,0,1
PitcherId,573668,vs RHH,13,11,4,5,1,0,1
PitcherId,582494,vs LHH,13,12,3,3,0,0,0
PitcherId,582494,vs RHH,8,6,2,2,2,0,0
PitcherId,591693,vs LHH,14,12,5,11,2,0,0
PitcherId,591693,vs RHH,5,5,1,1,0,0,0
PitcherId,592091,vs LHH,7,7,2,3,0,0,0
PitcherId,592091,vs RHH,26,21,5,8,5,0,0
PitcherId,592102,vs LHH,5,4,1,1,1,0,0
PitcherId,592102,vs RHH,18,17,1,4,1,0,0
PitcherId,592130,vs LHH,5,4,2,2,1,0,0
PitcherId,592130,vs RHH,5,4,0,0,0,1,0
PitcherId,592169,vs LHH,19,17,6,11,1,0,1
PitcherId,592169,vs RHH,12,9,1,4,3,0,0
PitcherId,592222,vs LHH,2,2,0,0,0,0,0
PitcherId,592222,vs RHH,16,16,5,5,0,0,0
PitcherId,592254,vs LHH,13,8,2,3,3,0,0
PitcherId,592254,vs RHH,22,19,9,17,2,0,1
PitcherId,592314,vs LHH,14,10,0,0,3,0,0
PitcherId,592314,vs RHH,6,6,2,2,0,0,0
PitcherId,592330,vs LHH,6,6,2,2,0,0,0
PitcherId,592330,vs RHH,11,7,3,3,2,0,2
PitcherId,592332,vs LHH,42,41,13,25,1,0,0
PitcherId,592332,vs RHH,44,40,12,17,3,0,0
PitcherId,592340,vs LHH,17,12,4,4,5,0,0
PitcherId,592340,vs RHH,13,12,2,2,1,0,0
PitcherId,592351,vs LHH,57,53,12,20,3,1,0
PitcherId,592351,vs RHH,20,15,3,4,3,0,1
PitcherId,592390,vs LHH,7,5,1,2,2,0,0
PitcherId,592390,vs RHH,18,18,3,3,0,0,0
PitcherId,592433,vs LHH,6,5,2,2,1,0,0
PitcherId,592433,vs RHH,5,5,1,1,0,0,0
PitcherId,592454,vs LHH,11,10,0,0,1,0,0
PitcherId,592454,vs RHH,9,8,3,4,1,0,0
PitcherId,592527,vs LHH,16,13,5,9,3,0,0
PitcherId,592527,vs RHH,14,11,1,2,3,0,0
PitcherId,592533,vs LHH,7,4,0,0,3,0,0
PitcherId,592533,vs RHH,16,15,4,7,1,0,0
PitcherId,592593,vs LHH,6,6,1,1,0,0,0
PitcherId,592593,vs RHH,21,17,4,4,3,0,0
PitcherId,592612,vs LHH,6,5,2,4,1,0,0
PitcherId,592612,vs RHH,9,8,2,3,1,0,0
PitcherId,592614,vs LHH,2,2,0,0,0,0,0
PitcherId,592614,vs RHH,14,12,5,9,1,1,0
PitcherId,592644,vs LHH,6,6,1,1,0,0,0
PitcherId,592644,vs RHH,12,10,4,8,2,0,0
PitcherId,592662,vs LHH,6,6,2,2,0,0,0
PitcherId,592662,vs RHH,61,50,14,30,10,1,0
PitcherId,592665,vs LHH,19,17,5,5,1,0,0
PitcherId,592665,vs RHH,12,12,1,4,0,0,0
PitcherId,592717,vs LHH,44,36,4,4,7,0,1
PitcherId,592717,vs RHH,31,30,7,12,1,0,0
PitcherId,592741,vs LHH,2,2,2,5,0,0,0
PitcherId,592741,vs RHH,5,3,0,0,2,0,0
PitcherId,592767,vs LHH,13,11,1,1,0,2,0
PitcherId,592767,vs RHH,34,31,10,17,3,0,0
PitcherId,592779,vs LHH,3,3,1,1,0,0,0
PitcherId,592779,vs RHH,21,20,5,11,1,0,0
PitcherId,592789,vs LHH,19,17,8,12,2,0,0
PitcherId,592789,vs RHH,26,25,5,5,1,0,0
PitcherId,592791,vs LHH,33,29,8,16,4,0,0
PitcherId,592791,vs RHH,35,35,8,15,0,0,0
PitcherId,592804,vs LHH,16,12,3,4,4,0,0
PitcherId,592804,vs RHH,18,16,5,10,1,0,1
PitcherId,592815,vs LHH,4,2,0,0,2,0,0
PitcherId,592815,vs RHH,3,3,0,0,0,0,0
PitcherId,592836,vs LHH,34,27,6,10,6,0,0
PitcherId,592836,vs RHH,41,36,10,19,5,0,0
PitcherId,592866,vs LHH,14,13,5,15,1,0,0
PitcherId,592866,vs RHH,27,25,7,12,2,0,0
PitcherId,592869,vs LHH,5,3,1,1,1,0,1
PitcherId,592869,vs RHH,8,7,2,2,1,0,0
PitcherId,592872,vs LHH,9,7,0,0,2,0,0
PitcherId,592872,vs RHH,23,23,5,9,0,0,0
PitcherId,593140,vs LHH,7,7,2,4,0,0,0
PitcherId,593140,vs RHH,4,4,1,1,0,0,0
PitcherId,593372,vs LHH,45,41,9,11,4,0,0
PitcherId,593372,vs RHH,32,28,7,11,4,0,0
PitcherId,593417,vs LHH,32,30,10,21,2,0,0
PitcherId,593417,vs RHH,30,30,9,22,0,0,0
PitcherId,593576,vs LHH,17,14,5,8,3,0,0
PitcherId,593576,vs RHH,14,11,2,3,2,0,0
PitcherId,593582,vs LHH,14,10,5,9,4,0,0
PitcherId,593582,vs RHH,11,9,2,2,0,1,1
PitcherId,593679,vs LHH,33,32,12,12,1,0,0
PitcherId,593679,vs RHH,26,23,5,5,2,1,0
PitcherId,593958,vs LHH,19,16,3,4,1,0,2
PitcherId,593958,vs RHH,66,57,15,23,7,2,0
PitcherId,593969,vs LHH,3,3,1,1,0,0,0
PitcherId,593974,vs LHH,9,6,1,1,3,0,0
PitcherId,593974,vs RHH,13,11,6,8,2,0,0
PitcherId,594311,vs LHH,11,9,2,3,2,0,0
PitcherId,594311,vs RHH,14,14,3,7,0,0,0
PitcherId,594577,vs LHH,3,3,1,1,0,0,0
PitcherId,594577,vs RHH,6,6,2,2,0,0,0
PitcherId,594736,vs LHH,11,11,4,7,0,0,0
PitcherId,594736,vs RHH,18,17,6,11,1,0,0
PitcherId,594742,vs LHH,39,37,9,13,0,1,1
PitcherId,594742,vs RHH,26,25,7,7,0,0,1
PitcherId,594760,vs LHH,27,21,6,10,5,0,1
PitcherId,594760,vs RHH,39,37,8,17,0,1,0
PitcherId,594772,vs LHH,6,6,1,1,0,0,0
PitcherId,594772,vs RHH,11,10,1,1,1,0,0
PitcherId,594792,vs LHH,6,4,1,2,2,0,0
PitcherId,594792,vs RHH,16,14,2,6,0,0,1
PitcherId,594795,vs LHH,12,12,3,7,0,0,0
PitcherId,594795,vs RHH,6,6,2,2,0,0,0
PitcherId,594840,vs LHH,1,1,0,0,0,0,0
PitcherId,594840,vs RHH,1,1,0,0,0,0,0
PitcherId,594857,vs LHH,12,12,1,2,0,0,0
PitcherId,594857,vs RHH,10,9,2,3,1,0,0
PitcherId,594943,vs LHH,22,21,1,3,1,0,0
PitcherId,594943,vs RHH,23,22,7,13,1,0,0
PitcherId,594951,vs LHH,11,10,2,5,1,0,0
PitcherId,594951,vs RHH,8,7,1,1,1,0,0
PitcherId,594985,vs LHH,1,1,0,0,0,0,0
PitcherId,594985,vs RHH,5,5,4,4,0,0,0
PitcherId,594986,vs LHH,7,7,0,0,0,0,0
PitcherId,594986,vs RHH,11,10,1,3,1,0,0
PitcherId,595001,vs LHH,26,22,6,11,4,0,0
PitcherId,595001,vs RHH,28,27,4,8,1,0,0
PitcherId,595014,vs LHH,5,4,1,2,1,0,0
PitcherId,595014,vs RHH,20,18,5,7,2,0,0
PitcherId,595032,vs LHH,32,30,4,4,2,0,0
PitcherId,595032,vs RHH,20,20,8,15,0,0,0
PitcherId,595191,vs LHH,45,43,11,25,2,0,0
PitcherId,595191,vs RHH,43,43,5,18,0,0,0
PitcherId,595345,vs LHH,9,9,3,3,0,0,0
PitcherId,595345,vs RHH,7,7,1,1,0,0,0
PitcherId,595918,vs LHH,20,16,4,6,3,1,0
PitcherId,595918,vs RHH,26,23,7,12,2,1,0
PitcherId,596043,vs LHH,26,24,7,13,2,0,0
PitcherId,596043,vs RHH,40,39,11,21,1,0,0
PitcherId,596057,vs LHH,18,17,0,0,1,0,0
PitcherId,596057,vs RHH,56,50,16,23,4,2,0
PitcherId,596064,vs LHH,10,9,1,2,1,0,0
PitcherId,596064,vs RHH,10,9,3,4,1,0,0
PitcherId,596112,vs LHH,39,32,13,24,6,0,1
PitcherId,596112,vs RHH,45,37,8,12,6,0,2
PitcherId,596133,vs LHH,21,15,9,10,4,1,1
PitcherId,596133,vs RHH,17,15,7,14,0,1,1
PitcherId,596331,vs LHH,8,7,1,1,1,0,0
PitcherId,596331,vs RHH,8,8,0,0,0,0,0
PitcherId,598264,vs LHH,8,6,1,1,2,0,0
PitcherId,598264,vs RHH,11,9,3,3,2,0,0
PitcherId,598287,vs RHH,1,1,0,0,0,0,0
PitcherId,599998,vs LHH,7,7,2,2,0,0,0
PitcherId,599998,vs RHH,15,15,4,8,0,0,0
PitcherId,600526,vs LHH,9,8,3,5,1,0,0
PitcherId,600526,vs RHH,5,4,0,0,1,0,0
PitcherId,600917,vs LHH,7,6,2,4,1,0,0
PitcherId,600917,vs RHH,16,15,2,3,1,0,0
PitcherId,600944,vs LHH,9,8,1,1,1,0,0
PitcherId,600944,vs RHH,5,5,1,1,0,0,0
PitcherId,605151,vs LHH,58,49,17,26,8,0,1
PitcherId,605151,vs RHH,39,37,7,9,1,1,0
PitcherId,605152,vs LHH,4,4,1,1,0,0,0
PitcherId,605164,vs LHH,15,14,4,8,1,0,0
PitcherId,605164,vs RHH,28,25,5,9,2,0,1
PitcherId,605182,vs LHH,21,21,4,4,0,0,0
PitcherId,605182,vs RHH,31,26,10,22,5,0,0
PitcherId,605194,vs LHH,31,30,6,10,1,0,0
PitcherId,605194,vs RHH,33,33,5,12,0,0,0
PitcherId,605200,vs LHH,16,16,5,8,0,0,0
PitcherId,605200,vs RHH,27,24,9,14,1,0,1
PitcherId,605218,vs LHH,8,8,2,6,0,0,0
PitcherId,605218,vs RHH,19,16,3,9,3,0,0
PitcherId,605226,vs LHH,3,3,0,0,0,0,0
PitcherId,605228,vs LHH,16,16,2,3,0,0,0
PitcherId,605228,vs RHH,11,11,1,1,0,0,0
PitcherId,605232,vs LHH,2,2,2,2,0,0,0
PitcherId,605232,vs RHH,33,29,8,10,3,1,0
PitcherId,605242,vs LHH,46,41,12,14,5,0,0
PitcherId,605242,vs RHH,25,23,9,13,1,0,0
PitcherId,605309,vs LHH,3,3,0,0,0,0,0
PitcherId,605309,vs RHH,16,15,5,9,1,0,0
PitcherId,605388,vs LHH,22,18,5,9,3,0,1
PitcherId,605388,vs RHH,50,45,17,26,3,1,0
PitcherId,605396,vs LHH,19,17,4,4,2,0,0
PitcherId,605396,vs RHH,18,15,7,13,2,0,1
PitcherId,605397,vs LHH,19,17,4,5,2,0,0
PitcherId,605397,vs RHH,28,27,5,8,1,0,0
PitcherId,605452,vs LHH,19,19,7,10,0,0,0
PitcherId,605452,vs RHH,28,24,7,7,3,0,1
PitcherId,605483,vs LHH,10,10,4,4,0,0,0
PitcherId,605483,vs RHH,43,37,8,11,6,0,0
PitcherId,605525,vs LHH,2,2,1,1,0,0,0
PitcherId,605525,vs RHH,2,2,0,0,0,0,0
PitcherId,605538,vs LHH,22,18,1,1,4,0,0
PitcherId,605538,vs RHH,46,45,15,29,1,0,0
PitcherId,605541,vs LHH,1,1,0,0,0,0,0
PitcherId,605541,vs RHH,3,3,0,0,0,0,0
PitcherId,605894,vs LHH,11,8,2,3,3,0,0
PitcherId,605894,vs RHH,13,11,2,3,1,1,0
PitcherId,606131,vs LHH,23,22,7,17,1,0,0
PitcherId,606131,vs RHH,25,25,5,11,0,0,0
PitcherId,606160,vs LHH,11,10,5,7,1,0,0
PitcherId,606160,vs RHH,14,14,3,6,0,0,0
PitcherId,606291,vs LHH,9,9,2,3,0,0,0
PitcherId,606291,vs RHH,8,3,0,0,5,0,0
PitcherId,606930,vs LHH,11,10,3,3,1,0,0
PitcherId,606930,vs RHH,15,15,4,5,0,0,0
PitcherId,606965,vs LHH,15,15,6,7,0,0,0
PitcherId,606965,vs RHH,18,17,1,1,1,0,0
PitcherId,606983,vs LHH,5,5,1,1,0,0,0
PitcherId,606983,vs RHH,11,11,4,8,0,0,0
PitcherId,607074,vs LHH,11,10,3,4,1,0,0
PitcherId,607074,vs RHH,63,54,10,20,6,1,1
PitcherId,607192,vs LHH,25,20,6,8,5,0,0
PitcherId,607192,vs RHH,27,24,4,8,2,0,1
PitcherId,607229,vs LHH,41,38,7,8,3,0,0
PitcherId,607229,vs RHH,33,29,8,9,2,1,0
PitcherId,607231,vs LHH,14,10,1,2,4,0,0
PitcherId,607231,vs RHH,18,16,8,11,1,0,0
PitcherId,607259,vs LHH,9,9,3,3,0,0,0
PitcherId,607259,vs RHH,12,11,1,1,1,0,0
PitcherId,607309,vs LHH,15,11,5,6,4,0,0
PitcherId,607309,vs RHH,13,10,2,2,2,0,1
PitcherId,607320,vs LHH,2,2,1,1,0,0,0
PitcherId,607320,vs RHH,15,14,2,2,0,0,0
PitcherId,607352,vs LHH,12,12,3,4,0,0,0
PitcherId,607352,vs RHH,19,15,5,7,3,1,0
PitcherId,607359,vs LHH,4,2,1,1,1,0,1
PitcherId,607359,vs RHH,11,10,1,4,1,0,0
PitcherId,607457,vs LHH,10,10,3,3,0,0,0
PitcherId,607457,vs RHH,8,8,0,0,0,0,0
PitcherId,607625,vs LHH,39,31,5,13,7,0,0
PitcherId,607625,vs RHH,28,24,8,15,2,0,0
PitcherId,607727,vs LHH,5,5,2,2,0,0,0
PitcherId,607727,vs RHH,4,4,1,2,0,0,0
PitcherId,608032,vs LHH,5,2,0,0,1,1,1
PitcherId,608032,vs RHH,17,14,5,8,3,0,0
PitcherId,608337,vs LHH,1,1,1,4,0,0,0
PitcherId,608337,vs RHH,9,8,2,6,1,0,0
PitcherId,608349,vs LHH,18,17,3,5,1,0,0
PitcherId,608349,vs RHH,10,9,1,1,1,0,0
PitcherId,608379,vs LHH,14,14,5,5,0,0,0
PitcherId,608379,vs RHH,16,12,8,15,1,1,0
PitcherId,608566,vs LHH,39,35,13,21,2,1,0
PitcherId,608566,vs RHH,38,35,11,21,0,0,3
PitcherId,608638,vs LHH,7,6,1,1,1,0,0
PitcherId,608638,vs RHH,13,13,4,6,0,0,0
PitcherId,608648,vs LHH,28,26,5,7,1,0,0
PitcherId,608648,vs RHH,11,11,5,15,0,0,0
PitcherId,608665,vs LHH,40,40,10,11,0,0,0
PitcherId,608665,vs RHH,33,29,8,13,2,0,1
PitcherId,608678,vs LHH,6,4,0,0,2,0,0
PitcherId,608678,vs RHH,10,9,4,5,0,1,0
PitcherId,608718,vs LHH,17,16,8,9,1,0,0
PitcherId,608718,vs RHH,22,21,5,9,0,0,0
PitcherId,611093,vs LHH,8,7,2,2,1,0,0
PitcherId,611093,vs RHH,14,14,1,4,0,0,0
PitcherId,612672,vs LHH,9,8,4,4,0,0,1
PitcherId,612672,vs RHH,44,42,10,17,1,1,0
PitcherId,621052,vs LHH,39,36,9,14,3,0,0
PitcherId,621052,vs RHH,37,33,8,9,4,0,0
PitcherId,621199,vs LHH,10,9,3,4,1,0,0
PitcherId,621199,vs RHH,18,18,4,4,0,0,0
PitcherId,621219,vs LHH,3,3,0,0,0,0,0
PitcherId,621219,vs RHH,2,2,0,0,0,0,0
PitcherId,621242,vs LHH,12,12,4,6,0,0,0
PitcherId,621242,vs RHH,21,21,6,10,0,0,0
PitcherId,621244,vs LHH,34,28,6,12,6,0,0
PitcherId,621244,vs RHH,26,23,6,7,1,0,2
PitcherId,621294,vs LHH,6,5,1,1,1,0,0
PitcherId,621294,vs RHH,9,8,2,6,0,0,1
PitcherId,621295,vs LHH,6,5,1,1,1,0,0
PitcherId,621295,vs RHH,3,3,1,2,0,0,0
PitcherId,621381,vs LHH,2,2,2,3,0,0,0
PitcherId,621381,vs RHH,22,16,2,2,5,0,1
PitcherId,621389,vs LHH,23,21,2,2,1,0,0
PitcherId,621389,vs RHH,28,25,5,9,3,0,0
PitcherId,622072,vs LHH,8,7,0,0,1,0,0
PitcherId,622072,vs RHH,5,5,1,1,0,0,0
PitcherId,622097,vs LHH,21,19,4,11,2,0,0
PitcherId,622097,vs RHH,20,15,5,7,4,0,1
PitcherId,622663,vs LHH,17,11,3,3,5,0,1
PitcherId,622663,vs RHH,28,25,6,12,2,0,1
PitcherId,622795,vs LHH,3,3,1,2,0,0,0
PitcherId,622795,vs RHH,5,4,0,0,1,0,0
PitcherId,623395,vs LHH,16,13,3,4,3,0,0
PitcherId,623395,vs RHH,19,17,4,5,2,0,0
PitcherId,623406,vs LHH,5,5,2,2,0,0,0
PitcherId,623406,vs RHH,3,3,2,3,0,0,0
PitcherId,623430,vs LHH,14,12,5,7,2,0,0
PitcherId,623430,vs RHH,14,13,2,5,1,0,0
PitcherId,623439,vs LHH,9,9,5,6,0,0,0
PitcherId,623439,vs RHH,15,15,2,5,0,0,0
PitcherId,624586,vs LHH,13,9,1,1,2,0,1
PitcherId,624586,vs RHH,15,11,1,1,4,0,0
PitcherId,625643,vs LHH,22,18,3,7,4,0,0
PitcherId,625643,vs RHH,30,27,8,11,2,0,0
PitcherId,628317,vs LHH,40,35,12,20,4,0,1
PitcherId,628317,vs RHH,36,32,6,9,4,0,0
PitcherId,628333,vs LHH,8,8,4,5,0,0,0
PitcherId,628333,vs RHH,5,3,0,0,1,1,0
PitcherId,628452,vs LHH,13,12,5,11,1,0,0
PitcherId,628452,vs RHH,20,18,2,3,1,0,1
PitcherId,628711,vs LHH,7,6,2,3,0,0,0
PitcherId,628711,vs RHH,14,12,2,3,2,0,0
PitcherId,640455,vs LHH,13,12,3,4,0,0,1
PitcherId,640455,vs RHH,58,54,9,13,4,0,0
PitcherId,640463,vs LHH,35,31,10,17,4,0,0
PitcherId,640463,vs RHH,33,30,7,12,2,0,1
PitcherId,641490,vs LHH,1,1,0,0,0,0,0
PitcherId,641490,vs RHH,2,2,0,0,0,0,0
PitcherId,641627,vs LHH,3,3,1,1,0,0,0
PitcherId,641627,vs RHH,12,10,3,4,1,0,1
PitcherId,641771,vs LHH,31,27,10,13,2,1,0
PitcherId,641771,vs RHH,58,55,15,21,2,0,1
PitcherId,641838,vs LHH,17,14,4,8,3,0,0
PitcherId,641838,vs RHH,12,10,3,3,1,0,0
PitcherId,642229,vs LHH,24,23,7,13,1,0,0
PitcherId,642229,vs RHH,67,59,19,26,4,1,3
PitcherId,642239,vs LHH,2,2,0,0,0,0,0
PitcherId,642239,vs RHH,18,15,4,5,2,1,0
PitcherId,643230,vs LHH,7,4,1,1,3,0,0
PitcherId,643230,vs RHH,29,27,10,18,2,0,0
PitcherId,643297,vs LHH,8,8,1,1,0,0,0
PitcherId,643297,vs RHH,11,7,2,2,3,1,0
PitcherId,643327,vs LHH,20,18,2,4,1,0,0
PitcherId,643327,vs RHH,24,22,7,11,1,0,0
PitcherId,643354,vs LHH,13,10,0,0,2,0,0
PitcherId,643354,vs RHH,8,8,3,6,0,0,0
PitcherId,643355,vs LHH,11,11,3,4,0,0,0
PitcherId,643355,vs RHH,8,7,2,4,1,0,0
PitcherId,656186,vs LHH,8,7,1,1,0,0,1
PitcherId,656186,vs RHH,19,19,5,6,0,0,0
PitcherId,656546,vs LHH,18,16,4,5,2,0,0
PitcherId,656546,vs RHH,20,17,3,3,3,0,0
PitcherId,656547,vs LHH,6,5,1,2,0,1,0
PitcherId,656547,vs RHH,17,15,5,6,2,0,0
PitcherId,664641,vs LHH,10,10,2,3,0,0,0
PitcherId,664641,vs RHH,50,48,8,24,2,0,0
HitterId,112526,vs LHP,1,1,0,0,0,0,0
HitterId,112526,vs RHP,6,5,0,0,0,0,0
HitterId,120074,vs LHP,14,12,6,10,2,0,0
HitterId,120074,vs RHP,55,47,13,27,6,1,1
HitterId,134181,vs LHP,5,5,2,3,0,0,0
HitterId,134181,vs RHP,44,40,13,23,3,0,1
HitterId,136860,vs LHP,1,1,0,0,0,0,0
HitterId,136860,vs RHP,46,44,13,22,2,0,0
HitterId,150029,vs LHP,8,7,1,4,1,0,0
HitterId,150029,vs RHP,44,38,9,11,5,0,1
HitterId,285064,vs RHP,6,6,1,1,0,0,0
HitterId,400085,vs LHP,4,4,2,2,0,0,0
HitterId,400085,vs RHP,20,20,1,1,0,0,0
HitterId,400121,vs LHP,11,7,2,5,4,0,0
HitterId,400121,vs RHP,38,33,8,14,3,0,2
HitterId,400284,vs LHP,15,13,2,3,2,0,0
HitterId,400284,vs RHP,36,32,11,21,3,0,1
HitterId,405395,vs LHP,16,16,4,7,0,0,0
HitterId,405395,vs RHP,36,32,13,19,4,0,0
HitterId,407793,vs RHP,7,6,0,0,0,0,0
HitterId,407812,vs LHP,1,1,1,4,0,0,0
HitterId,407812,vs RHP,1,1,1,1,0,0,0
HitterId,407822,vs RHP,1,1,0,0,0,0,0
HitterId,407893,vs LHP,15,11,3,6,4,0,0
HitterId,407893,vs RHP,25,23,6,14,1,1,0
HitterId,408045,vs LHP,5,5,0,0,0,0,0
HitterId,408045,vs RHP,14,10,0,0,4,0,0
HitterId,408047,vs LHP,6,5,2,5,0,1,0
HitterId,408047,vs RHP,29,26,7,8,3,0,0
HitterId,408234,vs LHP,15,14,2,3,1,0,0
HitterId,408234,vs RHP,56,46,20,38,9,0,1
HitterId,408236,vs LHP,22,21,5,6,1,0,0
HitterId,408236,vs RHP,34,28,8,13,5,1,0
HitterId,408252,vs LHP,10,10,2,3,0,0,0
HitterId,408252,vs RHP,37,35,11,17,0,2,0
HitterId,408314,vs LHP,6,6,2,3,0,0,0
HitterId,408314,vs RHP,63,56,13,23,7,0,0
HitterId,424325,vs LHP,1,1,0,0,0,0,0
HitterId,424325,vs RHP,10,9,2,5,1,0,0
HitterId,424825,vs LHP,11,8,1,1,2,0,0
HitterId,424825,vs RHP,29,24,5,9,4,0,0
HitterId,425509,vs LHP,17,16,2,3,0,0,1
HitterId,425509,vs RHP,41,37,16,22,4,0,0
HitterId,425766,vs LHP,4,4,1,2,0,0,0
HitterId,425766,vs RHP,31,29,9,17,1,0,1
HitterId,425772,vs RHP,9,8,1,1,0,0,1
HitterId,425783,vs LHP,2,2,0,0,0,0,0
HitterId,425783,vs RHP,10,10,2,2,0,0,0
HitterId,425784,vs LHP,5,5,1,1,0,0,0
HitterId,425784,vs RHP,27,25,5,8,1,0,1
HitterId,425794,vs LHP,2,1,1,2,0,0,0
HitterId,425794,vs RHP,7,7,1,1,0,0,0
HitterId,425796,vs LHP,2,2,0,0,0,0,0
HitterId,425796,vs RHP,10,8,0,0,2,0,0
HitterId,425834,vs LHP,11,9,2,2,1,1,0
HitterId,425834,vs RHP,11,9,0,0,2,0,0
HitterId,425844,vs RHP,4,4,0,0,0,0,0
HitterId,425877,vs LHP,15,14,5,6,1,0,0
HitterId,425877,vs RHP,49,44,21,28,2,1,2
HitterId,425900,vs LHP,6,5,1,1,1,0,0
HitterId,425900,vs RHP,5,5,1,1,0,0,0
HitterId,429664,vs LHP,19,18,5,7,0,0,1
HitterId,429664,vs RHP,53,47,14,35,5,1,0
HitterId,429665,vs LHP,10,6,3,6,4,0,0
HitterId,429665,vs RHP,68,58,13,22,9,1,0
HitterId,429666,vs LHP,14,12,5,7,1,1,0
HitterId,429666,vs RHP,51,47,12,14,2,1,0
HitterId,429667,vs LHP,3,2,0,0,0,0,1
HitterId,429667,vs RHP,31,26,7,20,5,0,0
HitterId,429711,vs LHP,14,13,2,2,1,0,0
HitterId,429711,vs RHP,2,2,0,0,0,0,0
HitterId,429719,vs RHP,7,7,1,1,0,0,0
HitterId,429722,vs LHP,1,1,0,0,0,0,0
HitterId,429722,vs RHP,2,1,0,0,0,0,0
HitterId,430001,vs LHP,2,2,0,0,0,0,0
HitterId,430001,vs RHP,2,2,0,0,0,0,0
HitterId,430605,vs LHP,3,3,1,4,0,0,0
HitterId,430605,vs RHP,2,2,0,0,0,0,0
HitterId,430637,vs LHP,1,1,0,0,0,0,0
HitterId,430637,vs RHP,17,15,4,5,2,0,0
HitterId,430832,vs LHP,9,7,2,3,2,0,0
HitterId,430832,vs RHP,66,52,15,29,13,0,1
HitterId,430910,vs RHP,3,3,0,0,0,0,0
HitterId,430945,vs LHP,19,15,3,3,4,0,0
HitterId,430945,vs RHP,60,55,10,17,2,1,2
HitterId,430947,vs LHP,5,5,0,0,0,0,0
HitterId,430947,vs RHP,29,24,8,9,5,0,0
HitterId,431094,vs LHP,12,9,2,5,3,0,0
HitterId,431094,vs RHP,6,5,1,1,0,0,0
HitterId,431145,vs LHP,11,8,1,1,3,0,0
HitterId,431145,vs RHP,60,48,9,16,10,1,1
HitterId,431171,vs LHP,1,1,0,0,0,0,0
HitterId,433217,vs LHP,3,3,0,0,0,0,0
HitterId,433217,vs RHP,18,18,4,5,0,0,0
HitterId,434158,vs LHP,14,11,4,10,3,0,0
HitterId,434158,vs RHP,50,41,16,25,8,0,1
HitterId,434378,vs RHP,2,2,0,0,0,0,0
HitterId,434563,vs LHP,16,16,6,7,0,0,0
HitterId,434563,vs RHP,8,7,2,3,1,0,0
HitterId,434628,vs RHP,3,3,1,1,0,0,0
HitterId,434636,vs LHP,23,21,4,7,1,1,0
HitterId,434636,vs RHP,46,41,14,17,5,0,0
HitterId,434658,vs LHP,15,13,1,1,2,0,0
HitterId,434658,vs RHP,22,21,4,4,1,0,0
HitterId,434670,vs LHP,10,9,3,9,1,0,0
HitterId,434670,vs RHP,53,45,13,26,8,0,0
HitterId,434778,vs LHP,24,23,12,21,1,0,0
HitterId,434778,vs RHP,44,42,8,13,0,1,1
HitterId,435062,vs LHP,30,27,3,4,2,0,1
HitterId,435062,vs RHP,26,26,5,7,0,0,0
HitterId,435063,vs LHP,18,15,2,2,3,0,0
HitterId,435063,vs RHP,43,35,6,11,6,1,1
HitterId,435064,vs LHP,4,4,0,0,0,0,0
HitterId,435064,vs RHP,19,19,4,7,0,0,0
HitterId,435079,vs LHP,7,3,1,1,4,0,0
HitterId,435079,vs RHP,50,47,17,26,2,0,1
HitterId,435221,vs LHP,2,1,0,0,1,0,0
HitterId,435263,vs LHP,14,13,4,4,1,0,0
HitterId,435263,vs RHP,27,24,8,13,3,0,0
HitterId,435559,vs LHP,8,8,0,0,0,0,0
HitterId,435559,vs RHP,10,8,0,0,2,0,0
HitterId,435622,vs LHP,4,3,2,2,1,0,0
HitterId,435622,vs RHP,45,44,9,9,1,0,0
HitterId,443558,vs LHP,14,11,4,16,3,0,0
HitterId,443558,vs RHP,52,48,13,21,4,0,0
HitterId,444379,vs LHP,3,2,0,0,1,0,0
HitterId,444379,vs RHP,38,34,12,27,4,0,0
HitterId,444432,vs LHP,17,15,1,1,2,0,0
HitterId,444432,vs RHP,47,45,18,37,2,0,0
HitterId,444489,vs LHP,6,6,0,0,0,0,0
HitterId,444489,vs RHP,17,16,4,8,1,0,0
HitterId,444843,vs LHP,1,1,0,0,0,0,0
HitterId,444843,vs RHP,17,15,5,9,2,0,0
HitterId,444876,vs LHP,15,13,3,6,1,1,0
HitterId,444876,vs RHP,44,43,7,14,0,0,1
HitterId,445055,vs LHP,17,15,4,4,0,0,1
HitterId,445055,vs RHP,31,29,8,11,1,0,1
HitterId,445988,vs LHP,4,4,2,3,0,0,0
HitterId,445988,vs RHP,46,43,10,17,2,0,1
HitterId,446192,vs RHP,4,4,0,0,0,0,0
HitterId,446263,vs LHP,5,5,3,4,0,0,0
HitterId,446263,vs RHP,22,18,2,3,4,0,0
HitterId,446308,vs LHP,14,13,5,10,1,0,0
HitterId,446308,vs RHP,42,36,8,14,4,0,1
HitterId,446334,vs LHP,20,19,3,4,0,1,0
HitterId,446334,vs RHP,50,47,15,34,3,0,0
HitterId,446381,vs LHP,2,2,0,0,0,0,0
HitterId,446381,vs RHP,12,9,3,3,2,0,0
HitterId,446386,vs LHP,11,10,4,5,1,0,0
HitterId,446386,vs RHP,6,5,2,3,0,0,1
HitterId,446481,vs LHP,8,8,2,2,0,0,0
HitterId,446481,vs RHP,61,54,18,35,5,1,1
HitterId,446653,vs LHP,1,0,0,0,0,0,0
HitterId,446653,vs RHP,12,11,4,5,0,1,0
HitterId,448179,vs LHP,2,2,0,0,0,0,0
HitterId,448179,vs RHP,3,3,0,0,0,0,0
HitterId,448306,vs RHP,2,2,1,1,0,0,0
HitterId,448602,vs LHP,3,3,0,0,0,0,0
HitterId,448602,vs RHP,3,2,1,4,0,0,1
HitterId,448801,vs LHP,27,26,6,7,1,0,0
HitterId,448801,vs RHP,47,40,7,11,7,0,0
HitterId,448802,vs RHP,1,1,0,0,0,0,0
HitterId,449181,vs LHP,14,13,5,10,1,0,0
HitterId,449181,vs RHP,39,36,13,17,1,0,2
HitterId,450314,vs LHP,4,4,2,3,0,0,0
HitterId,450314,vs RHP,49,39,11,23,10,0,0
HitterId,451594,vs LHP,3,3,1,1,0,0,0
HitterId,451594,vs RHP,53,42,13,20,10,0,1
HitterId,451705,vs RHP,2,2,0,0,0,0,0
HitterId,452095,vs LHP,11,10,4,5,0,1,0
HitterId,452095,vs RHP,30,28,6,11,1,1,0
HitterId,452104,vs LHP,24,21,6,7,2,0,1
HitterId,452104,vs RHP,22,19,3,5,2,0,1
HitterId,452220,vs LHP,9,8,0,0,1,0,0
HitterId,452220,vs RHP,34,27,9,15,5,1,1
HitterId,452234,vs LHP,2,2,1,1,0,0,0
HitterId,452234,vs RHP,43,33,4,11,8,1,1
HitterId,452252,vs LHP,7,6,2,2,1,0,0
HitterId,452252,vs RHP,40,38,11,13,2,0,0
HitterId,452254,vs LHP,23,22,3,4,1,0,0
HitterId,452254,vs RHP,47,42,13,20,5,0,0
HitterId,452655,vs LHP,15,15,2,2,0,0,0
HitterId,452655,vs RHP,37,30,14,20,7,0,0
HitterId,452657,vs LHP,1,0,0,0,1,0,0
HitterId,452657,vs RHP,7,7,2,3,0,0,0
HitterId,452672,vs LHP,3,3,1,1,0,0,0
HitterId,452678,vs LHP,6,5,2,2,1,0,0
HitterId,452678,vs RHP,62,53,16,30,9,0,0
HitterId,453056,vs LHP,31,28,8,9,3,0,0
HitterId,453056,vs RHP,32,26,4,4,5,0,0
HitterId,453064,vs LHP,8,7,1,2,1,0,0
HitterId,453064,vs RHP,63,60,14,22,3,0,0
HitterId,453203,vs LHP,10,10,2,3,0,0,0
HitterId,453203,vs RHP,2,2,0,0,0,0,0
HitterId,453211,vs LHP,10,8,1,1,2,0,0
HitterId,453211,vs RHP,2,1,0,0,0,0,1
HitterId,453281,vs RHP,1,1,0,0,0,0,0
HitterId,453286,vs LHP,1,1,1,1,0,0,0
HitterId,453286,vs RHP,8,6,2,2,0,0,0
HitterId,453385,vs LHP,2,1,0,0,0,0,0
HitterId,453385,vs RHP,5,5,0,0,0,0,0
HitterId,453400,vs LHP,1,1,0,0,0,0,0
HitterId,453400,vs RHP,9,9,2,2,0,0,0
HitterId,453562,vs RHP,7,7,1,1,0,0,0
HitterId,453568,vs LHP,27,26,9,11,1,0,0
HitterId,453568,vs RHP,46,41,15,26,4,1,0
HitterId,453923,vs RHP,1,1,0,0,0,0,0
HitterId,453943,vs LHP,17,17,6,10,0,0,0
HitterId,453943,vs RHP,53,48,14,27,4,1,0
HitterId,454560,vs LHP,2,2,0,0,0,0,0
HitterId,454560,vs RHP,9,8,6,7,1,0,0
HitterId,454975,vs LHP,4,4,2,2,0,0,0
HitterId,454975,vs RHP,29,29,6,8,0,0,0
HitterId,455104,vs LHP,5,4,0,0,1,0,0
HitterId,455104,vs RHP,1,1,0,0,0,0,0
HitterId,455117,vs LHP,14,13,6,10,1,0,0
HitterId,455117,vs RHP,24,18,2,2,6,0,0
HitterId,455139,vs LHP,2,2,1,2,0,0,0
HitterId,455139,vs RHP,11,9,4,9,2,0,0
HitterId,455759,vs LHP,14,14,3,3,0,0,0
HitterId,455759,vs RHP,16,15,3,4,0,0,1
HitterId,455976,vs LHP,18,16,3,3,1,0,1
HitterId,455976,vs RHP,38,32,9,13,5,0,1
HitterId,456030,vs LHP,10,9,1,1,1,0,0
HitterId,456030,vs RHP,62,59,14,22,3,0,0
HitterId,456078,vs LHP,9,7,1,1,2,0,0
HitterId,456078,vs RHP,39,35,8,12,3,0,1
HitterId,456422,vs LHP,3,2,1,1,1,0,0
HitterId,456422,vs RHP,32,27,7,7,3,1,0
HitterId,456488,vs LHP,18,18,5,8,0,0,0
HitterId,456488,vs RHP,27,25,9,10,2,0,0
HitterId,456501,vs LHP,2,2,0,0,0,0,0
HitterId,456501,vs RHP,7,5,1,1,0,1,0
HitterId,456714,vs LHP,25,22,8,13,2,1,0
HitterId,456714,vs RHP,7,7,2,2,0,0,0
HitterId,456781,vs LHP,8,8,2,3,0,0,0
HitterId,456781,vs RHP,15,14,3,7,1,0,0
HitterId,457454,vs LHP,9,9,1,1,0,0,0
HitterId,457454,vs RHP,18,15,1,1,2,1,0
HitterId,457477,vs LHP,4,4,0,0,0,0,0
HitterId,457477,vs RHP,17,14,4,4,3,0,0
HitterId,457705,vs LHP,10,8,2,4,2,0,0
HitterId,457705,vs RHP,68,60,20,34,7,1,0
HitterId,457708,vs LHP,14,12,3,7,2,0,0
HitterId,457708,vs RHP,55,47,16,43,8,0,0
HitterId,457727,vs LHP,10,9,3,9,1,0,0
HitterId,457727,vs RHP,55,49,15,18,5,0,1
HitterId,457759,vs LHP,31,29,8,11,2,0,0
HitterId,457759,vs RHP,34,29,10,13,2,2,1
HitterId,457763,vs LHP,23,21,8,11,2,0,0
HitterId,457763,vs RHP,47,41,11,16,5,1,0
HitterId,457787,vs LHP,11,10,2,5,1,0,0
HitterId,457787,vs RHP,42,35,5,12,4,1,0
HitterId,457803,vs LHP,13,12,3,3,1,0,0
HitterId,457803,vs RHP,30,27,9,22,3,0,0
HitterId,458015,vs LHP,20,20,6,12,0,0,0
HitterId,458015,vs RHP,56,48,20,36,8,0,0
HitterId,458085,vs LHP,7,5,1,1,2,0,0
HitterId,458085,vs RHP,35,28,10,17,7,0,0
HitterId,458675,vs LHP,1,1,0,0,0,0,0
HitterId,458675,vs RHP,6,5,0,0,1,0,0
HitterId,458731,vs LHP,42,36,8,13,2,0,2
HitterId,458731,vs RHP,35,29,10,12,6,0,0
HitterId,458913,vs RHP,1,1,0,0,0,0,0
HitterId,459431,vs LHP,6,6,1,1,0,0,0
HitterId,459431,vs RHP,36,29,4,8,7,0,0
HitterId,459964,vs LHP,5,5,1,1,0,0,0
HitterId,459964,vs RHP,37,27,4,7,9,0,1
HitterId,460026,vs LHP,12,12,5,6,0,0,0
HitterId,460026,vs RHP,8,8,1,1,0,0,0
HitterId,460060,vs LHP,2,2,0,0,0,0,0
HitterId,460060,vs RHP,28,25,6,6,3,0,0
HitterId,460075,vs LHP,14,14,4,6,0,0,0
HitterId,460075,vs RHP,33,33,10,20,0,0,0
HitterId,460077,vs LHP,5,5,1,3,0,0,0
HitterId,460077,vs RHP,17,16,6,6,1,0,0
HitterId,460086,vs LHP,14,12,3,6,2,0,0
HitterId,460086,vs RHP,42,40,10,17,2,0,0
HitterId,460099,vs LHP,7,7,0,0,0,0,0
HitterId,460269,vs LHP,4,3,1,1,0,0,0
HitterId,460269,vs RHP,4,4,0,0,0,0,0
HitterId,460576,vs LHP,4,4,2,2,0,0,0
HitterId,460576,vs RHP,50,47,17,32,2,0,1
HitterId,461235,vs LHP,16,16,2,2,0,0,0
HitterId,461235,vs RHP,41,36,4,11,4,1,0
HitterId,461314,vs LHP,18,15,4,11,2,0,1
HitterId,461314,vs RHP,39,35,10,19,3,1,0
HitterId,461829,vs RHP,5,5,1,2,0,0,0
HitterId,461865,vs LHP,8,8,4,4,0,0,0
HitterId,461865,vs RHP,28,28,4,8,0,0,0
HitterId,462101,vs LHP,6,3,1,1,2,0,1
HitterId,462101,vs RHP,41,38,15,27,2,0,0
HitterId,463610,vs LHP,15,14,2,2,1,0,0
HitterId,463610,vs RHP,8,8,0,0,0,0,0
HitterId,465041,vs LHP,4,4,1,1,0,0,0
HitterId,465041,vs RHP,42,37,11,18,5,0,0
HitterId,465753,vs LHP,4,4,1,2,0,0,0
HitterId,465753,vs RHP,18,17,3,5,1,0,0
HitterId,466320,vs LHP,15,13,3,4,2,0,0
HitterId,466320,vs RHP,56,54,17,35,2,0,0
HitterId,466988,vs LHP,1,1,1,1,0,0,0
HitterId,466988,vs RHP,6,6,3,3,0,0,0
HitterId,467092,vs LHP,7,7,5,8,0,0,0
HitterId,467092,vs RHP,25,25,6,8,0,0,0
HitterId,467100,vs LHP,2,2,0,0,0,0,0
HitterId,467100,vs RHP,2,2,0,0,0,0,0
HitterId,467793,vs LHP,21,19,7,11,2,0,0
HitterId,467793,vs RHP,49,41,17,33,8,0,0
HitterId,467827,vs LHP,9,9,1,1,0,0,0
HitterId,467827,vs RHP,22,22,6,11,0,0,0
HitterId,471083,vs LHP,3,3,0,0,0,0,0
HitterId,471083,vs RHP,31,27,8,14,4,0,0
HitterId,471865,vs LHP,23,21,5,6,1,0,1
HitterId,471865,vs RHP,41,37,11,14,4,0,0
HitterId,473724,vs LHP,1,1,0,0,0,0,0
HitterId,474319,vs LHP,3,3,2,6,0,0,0
HitterId,474443,vs LHP,9,6,1,2,3,0,0
HitterId,474443,vs RHP,26,24,10,11,1,0,0
HitterId,474463,vs LHP,1,1,0,0,0,0,0
HitterId,474463,vs RHP,1,1,0,0,0,0,0
HitterId,474568,vs LHP,9,7,2,2,2,0,0
HitterId,474568,vs RHP,29,29,6,9,0,0,0
HitterId,474832,vs LHP,31,26,8,14,4,0,1
HitterId,474832,vs RHP,39,30,9,18,9,0,0
HitterId,474892,vs LHP,17,15,1,1,2,0,0
HitterId,474892,vs RHP,51,46,12,34,5,0,0
HitterId,475174,vs LHP,9,9,5,8,0,0,0
HitterId,475174,vs RHP,50,44,8,11,6,0,0
HitterId,475243,vs RHP,2,2,0,0,0,0,0
HitterId,475247,vs RHP,1,1,0,0,0,0,0
HitterId,475253,vs LHP,4,4,0,0,0,0,0
HitterId,475253,vs RHP,11,6,1,1,4,0,1
HitterId,475582,vs LHP,13,12,4,5,1,0,0
HitterId,475582,vs RHP,30,28,6,10,1,0,1
HitterId,476451,vs LHP,2,2,1,1,0,0,0
HitterId,476451,vs RHP,5,5,1,1,0,0,0
HitterId,476883,vs RHP,30,25,5,12,5,0,0
HitterId,477132,vs LHP,3,3,0,0,0,0,0
HitterId,477132,vs RHP,3,1,1,1,0,0,0
HitterId,477165,vs LHP,3,3,0,0,0,0,0
HitterId,477165,vs RHP,4,4,0,0,0,0,0
HitterId,485567,vs LHP,8,8,0,0,0,0,0
HitterId,485567,vs RHP,33,27,12,15,3,1,0
HitterId,488671,vs LHP,5,4,1,1,1,0,0
HitterId,488671,vs RHP,23,16,2,5,7,0,0
HitterId,488721,vs LHP,1,1,0,0,0,0,0
HitterId,488721,vs RHP,3,3,1,1,0,0,0
HitterId,488768,vs RHP,4,4,1,1,0,0,0
HitterId,488771,vs LHP,6,6,0,0,0,0,0
HitterId,488771,vs RHP,27,24,5,5,2,0,0
HitterId,488810,vs LHP,1,0,0,0,0,1,0
HitterId,488810,vs RHP,1,1,0,0,0,0,0
HitterId,488818,vs LHP,1,1,0,0,0,0,0
HitterId,488862,vs LHP,18,17,3,5,1,0,0
HitterId,488862,vs RHP,39,36,8,12,2,1,0
HitterId,488912,vs LHP,3,3,2,3,0,0,0
HitterId,488912,vs RHP,15,13,1,1,1,0,0
HitterId,489232,vs LHP,5,5,1,2,0,0,0
HitterId,489232,vs RHP,16,13,4,7,2,0,1
HitterId,489267,vs LHP,11,10,2,8,1,0,0
HitterId,489267,vs RHP,16,14,5,11,0,2,0
HitterId,489305,vs RHP,10,9,0,0,0,0,1
HitterId,489365,vs RHP,2,2,2,2,0,0,0
HitterId,490063,vs LHP,2,2,0,0,0,0,0
HitterId,491676,vs LHP,23,21,3,5,2,0,0
HitterId,491676,vs RHP,4,4,1,1,0,0,0
HitterId,491696,vs LHP,2,2,2,6,0,0,0
HitterId,491696,vs RHP,9,7,4,5,0,0,2
HitterId,492802,vs LHP,1,1,0,0,0,0,0
HitterId,492802,vs RHP,9,9,1,2,0,0,0
HitterId,492841,vs LHP,4,4,0,0,0,0,0
HitterId,492841,vs RHP,7,7,1,1,0,0,0
HitterId,493114,vs LHP,4,3,3,4,1,0,0
HitterId,493114,vs RHP,46,42,15,22,4,0,0
HitterId,493128,vs LHP,6,4,0,0,2,0,0
HitterId,493128,vs RHP,16,13,5,6,2,0,1
HitterId,493193,vs LHP,10,10,2,3,0,0,0
HitterId,493193,vs RHP,8,8,0,0,0,0,0
HitterId,493200,vs LHP,1,1,0,0,0,0,0
HitterId,493316,vs LHP,6,6,2,2,0,0,0
HitterId,493316,vs RHP,62,53,11,18,6,0,3
HitterId,493329,vs LHP,16,16,1,1,0,0,0
HitterId,493329,vs RHP,46,43,9,12,2,0,1
HitterId,493351,vs LHP,13,13,6,6,0,0,0
HitterId,493351,vs RHP,34,31,5,7,3,0,0
HitterId,493472,vs LHP,8,7,3,3,1,0,0
HitterId,493472,vs RHP,6,5,0,0,1,0,0
HitterId,493596,vs LHP,9,7,0,0,0,2,0
HitterId,493596,vs RHP,12,10,3,5,2,0,0
HitterId,500208,vs LHP,9,9,3,4,0,0,0
HitterId,500208,vs RHP,21,19,6,7,1,0,1
HitterId,500743,vs LHP,1,1,0,0,0,0,0
HitterId,500743,vs RHP,11,8,2,3,2,0,0
HitterId,500871,vs LHP,22,22,2,2,0,0,0
HitterId,500871,vs RHP,24,18,3,6,5,0,1
HitterId,500874,vs LHP,10,10,6,7,0,0,0
HitterId,500874,vs RHP,5,3,0,0,2,0,0
HitterId,500887,vs RHP,6,5,0,0,1,0,0
HitterId,501303,vs LHP,11,11,2,2,0,0,0
HitterId,501303,vs RHP,10,9,1,4,0,0,0
HitterId,501571,vs LHP,1,0,0,0,0,0,0
HitterId,501571,vs RHP,4,2,0,0,1,1,0
HitterId,501659,vs LHP,7,5,1,1,1,0,1
HitterId,501659,vs RHP,22,21,4,6,1,0,0
HitterId,501896,vs LHP,9,7,3,3,2,0,0
HitterId,501896,vs RHP,27,26,6,11,1,0,0
HitterId,501981,vs LHP,12,8,2,5,4,0,0
HitterId,501981,vs RHP,47,42,10,26,5,0,0
HitterId,502034,vs RHP,3,3,0,0,0,0,0
HitterId,502043,vs RHP,2,2,0,0,0,0,0
HitterId,502054,vs LHP,4,4,1,1,0,0,0
HitterId,502054,vs RHP,6,6,2,2,0,0,0
HitterId,502082,vs LHP,4,2,0,0,2,0,0
HitterId,502082,vs RHP,29,27,4,6,0,1,1
HitterId,502110,vs LHP,16,14,4,4,2,0,0
HitterId,502110,vs RHP,54,46,11,21,6,2,0
HitterId,502143,vs LHP,13,12,4,8,1,0,0
HitterId,502143,vs RHP,45,39,10,11,6,0,0
HitterId,502188,vs LHP,2,2,0,0,0,0,0
HitterId,502188,vs RHP,4,3,0,0,0,1,0
HitterId,502190,vs RHP,4,2,0,0,0,0,0
HitterId,502210,vs LHP,5,5,1,1,0,0,0
HitterId,502210,vs RHP,36,32,12,17,4,0,0
HitterId,502273,vs LHP,3,3,2,2,0,0,0
HitterId,502273,vs RHP,3,3,1,2,0,0,0
HitterId,502317,vs LHP,4,4,2,2,0,0,0
HitterId,502317,vs RHP,8,7,1,1,1,0,0
HitterId,502481,vs LHP,4,3,2,3,0,0,0
HitterId,502481,vs RHP,41,38,14,20,1,0,1
HitterId,502517,vs LHP,2,1,1,1,0,1,0
HitterId,502517,vs RHP,10,10,2,4,0,0,0
HitterId,502523,vs LHP,10,10,3,4,0,0,0
HitterId,502523,vs RHP,10,9,1,1,1,0,0
HitterId,502544,vs LHP,2,2,0,0,0,0,0
HitterId,502544,vs RHP,18,15,2,3,3,0,0
HitterId,502582,vs LHP,14,11,6,7,2,0,0
HitterId,502582,vs RHP,24,21,1,1,3,0,0
HitterId,502624,vs RHP,4,4,0,0,0,0,0
HitterId,502671,vs LHP,15,13,5,6,2,0,0
HitterId,502671,vs RHP,54,49,11,24,3,1,1
HitterId,503351,vs RHP,10,10,1,2,0,0,0
HitterId,503437,vs LHP,1,0,0,0,1,0,0
HitterId,503437,vs RHP,14,14,3,3,0,0,0
HitterId,503449,vs LHP,1,1,0,0,0,0,0
HitterId,503449,vs RHP,4,4,1,1,0,0,0
HitterId,503556,vs LHP,13,12,2,2,1,0,0
HitterId,503556,vs RHP,46,41,12,16,3,1,1
HitterId,506560,vs LHP,3,3,1,1,0,0,0
HitterId,506560,vs RHP,17,17,4,4,0,0,0
HitterId,506702,vs LHP,6,5,0,0,0,0,0
HitterId,506702,vs RHP,38,35,4,5,3,0,0
HitterId,506924,vs LHP,14,13,4,7,1,0,0
HitterId,506924,vs RHP,16,15,1,3,1,0,0
HitterId,514888,vs LHP,16,14,1,1,2,0,0
HitterId,514888,vs RHP,54,51,19,22,3,0,0
HitterId,514917,vs LHP,10,9,6,8,1,0,0
HitterId,514917,vs RHP,66,52,15,17,11,0,1
HitterId,516416,vs LHP,21,18,5,6,3,0,0
HitterId,516416,vs RHP,51,45,16,34,5,0,1
HitterId,516770,vs LHP,15,15,5,8,0,0,0
HitterId,516770,vs RHP,14,14,3,3,0,0,0
HitterId,516782,vs LHP,1,1,0,0,0,0,0
HitterId,516782,vs RHP,2,2,1,1,0,0,0
HitterId,516949,vs LHP,1,1,0,0,0,0,0
HitterId,516949,vs RHP,5,4,0,0,0,0,1
HitterId,517370,vs LHP,1,0,0,0,0,1,0
HitterId,517370,vs RHP,15,14,3,3,1,0,0
HitterId,518452,vs LHP,3,2,0,0,0,0,0
HitterId,518452,vs RHP,3,1,0,0,2,0,0
HitterId,518516,vs LHP,6,6,2,3,0,0,0
HitterId,518516,vs RHP,3,3,2,4,0,0,0
HitterId,518542,vs LHP,5,4,2,2,0,0,0
HitterId,518542,vs RHP,19,14,5,11,4,0,0
HitterId,518560,vs RHP,5,4,0,0,0,0,0
HitterId,518567,vs LHP,3,3,0,0,0,0,0
HitterId,518567,vs RHP,4,3,0,0,0,0,0
HitterId,518568,vs LHP,7,6,2,6,1,0,0
HitterId,518568,vs RHP,4,4,0,0,0,0,0
HitterId,518586,vs LHP,15,15,6,10,0,0,0
HitterId,518586,vs RHP,5,5,3,3,0,0,0
HitterId,518595,vs LHP,6,5,0,0,1,0,0
HitterId,518595,vs RHP,20,17,4,5,2,0,0
HitterId,518614,vs LHP,14,13,3,4,0,1,0
HitterId,518614,vs RHP,32,32,9,12,0,0,0
HitterId,518618,vs LHP,4,4,0,0,0,0,0
HitterId,518618,vs RHP,27,21,8,19,4,0,2
HitterId,518626,vs LHP,12,11,1,1,1,0,0
HitterId,518626,vs RHP,66,48,16,30,13,2,3
HitterId,518649,vs LHP,15,13,3,7,2,0,0
HitterId,518649,vs RHP,33,31,2,3,2,0,0
HitterId,518653,vs LHP,7,7,1,1,0,0,0
HitterId,518653,vs RHP,8,7,2,2,1,0,0
HitterId,518692,vs LHP,21,18,9,15,2,0,1
HitterId,518692,vs RHP,38,30,9,19,7,1,0
HitterId,518700,vs LHP,6,4,3,3,1,1,0
HitterId,518700,vs RHP,17,16,4,6,0,0,0
HitterId,518735,vs LHP,17,13,2,5,3,0,1
HitterId,518735,vs RHP,26,22,7,11,4,0,0
HitterId,518792,vs LHP,7,5,0,0,2,0,0
HitterId,518792,vs RHP,45,38,12,20,6,1,0
HitterId,518934,vs LHP,21,20,6,11,1,0,0
HitterId,518934,vs RHP,25,21,9,11,3,1,0
HitterId,518960,vs LHP,2,1,0,0,1,0,0
HitterId,518960,vs RHP,41,37,8,14,3,0,1
HitterId,519043,vs LHP,1,1,0,0,0,0,0
HitterId,519043,vs RHP,10,9,1,1,0,0,0
HitterId,519048,vs LHP,6,6,3,3,0,0,0
HitterId,519048,vs RHP,38,37,3,3,1,0,0
HitterId,519076,vs LHP,2,2,0,0,0,0,0
HitterId,519076,vs RHP,1,1,0,0,0,0,0
HitterId,519083,vs LHP,6,5,1,4,1,0,0
HitterId,519083,vs RHP,25,24,5,6,1,0,0
HitterId,519184,vs LHP,5,5,1,1,0,0,0
HitterId,519184,vs RHP,16,16,4,4,0,0,0
HitterId,519203,vs LHP,6,5,2,2,1,0,0
HitterId,519203,vs RHP,51,47,14,22,4,0,0
HitterId,519208,vs LHP,3,2,2,2,0,0,1
HitterId,519208,vs RHP,21,19,4,4,2,0,0
HitterId,519222,vs LHP,12,12,4,5,0,0,0
HitterId,519222,vs RHP,4,4,1,1,0,0,0
HitterId,519237,vs LHP,4,4,1,2,0,0,0
HitterId,519237,vs RHP,44,41,8,14,2,1,0
HitterId,519242,vs RHP,1,1,0,0,0,0,0
HitterId,519294,vs RHP,1,1,0,0,0,0,0
HitterId,519295,vs LHP,9,9,0,0,0,0,0
HitterId,519295,vs RHP,30,29,5,5,1,0,0
HitterId,519306,vs LHP,5,5,2,2,0,0,0
HitterId,519306,vs RHP,11,10,5,6,0,0,1
HitterId,519317,vs LHP,3,1,0,0,2,0,0
HitterId,519317,vs RHP,30,27,5,12,3,0,0
HitterId,519333,vs LHP,7,7,1,1,0,0,0
HitterId,519333,vs RHP,15,14,3,4,1,0,0
HitterId,519390,vs LHP,18,16,1,1,2,0,0
HitterId,519390,vs RHP,51,45,11,23,6,0,0
HitterId,519455,vs RHP,1,0,0,0,0,0,0
HitterId,520471,vs LHP,7,7,3,3,0,0,0
HitterId,520471,vs RHP,52,49,12,17,2,0,1
HitterId,521692,vs LHP,16,15,4,7,1,0,0
HitterId,521692,vs RHP,32,31,6,11,1,0,0
HitterId,523253,vs LHP,16,16,1,1,0,0,0
HitterId,523253,vs RHP,55,50,10,17,4,0,1
HitterId,527043,vs LHP,18,16,3,4,1,0,1
HitterId,527043,vs RHP,31,26,7,19,5,0,0
HitterId,527054,vs RHP,6,5,2,2,0,0,0
HitterId,534627,vs LHP,6,4,0,0,1,0,1
HitterId,534627,vs RHP,4,3,1,1,1,0,0
HitterId,534947,vs LHP,2,2,1,1,0,0,0
HitterId,534947,vs RHP,6,4,0,0,0,0,0
HitterId,537953,vs LHP,2,1,0,0,1,0,0
HitterId,537953,vs RHP,7,7,0,0,0,0,0
HitterId,541608,vs LHP,10,10,0,0,0,0,0
HitterId,541608,vs RHP,18,17,6,13,0,0,1
HitterId,541645,vs LHP,12,11,1,2,1,0,0
HitterId,541645,vs RHP,33,29,6,12,4,0,0
HitterId,541650,vs LHP,18,18,7,8,0,0,0
HitterId,541650,vs RHP,45,42,9,11,2,0,1
HitterId,542208,vs LHP,10,8,1,2,2,0,0
HitterId,542208,vs RHP,19,18,3,5,1,0,0
HitterId,542255,vs LHP,21,18,8,10,2,0,0
HitterId,542255,vs RHP,45,39,10,12,5,0,0
HitterId,542303,vs LHP,5,5,1,1,0,0,0
HitterId,542303,vs RHP,50,44,10,12,5,1,0
HitterId,542340,vs LHP,20,17,4,13,1,1,0
HitterId,542340,vs RHP,47,37,9,13,10,0,0
HitterId,542364,vs LHP,4,4,1,1,0,0,0
HitterId,542364,vs RHP,40,32,11,14,6,0,0
HitterId,542436,vs LHP,11,10,3,4,1,0,0
HitterTeamId,108,vs LHP,176,163,37,63,11,0,2
HitterTeamId,108,vs RHP,459,401,99,147,50,3,3
HitterTeamId,109,vs LHP,158,144,36,53,12,1,0
HitterTeamId,109,vs RHP,463,418,92,170,34,2,4
HitterTeamId,110,vs LHP,159,143,36,59,15,1,0
HitterTeamId,110,vs RHP,473,424,95,155,33,6,6
HitterTeamId,111,vs LHP,147,130,30,51,15,0,0
HitterTeamId,111,vs RHP,491,434,109,176,50,2,4
HitterTeamId,112,vs LHP,85,75,23,33,10,0,0
HitterTeamId,112,vs RHP,570,495,134,223,61,2,10
HitterTeamId,113,vs LHP,143,130,29,52,10,1,2
HitterTeamId,113,vs RHP,508,461,135,199,28,5,4
HitterTeamId,114,vs LHP,165,137,31,50,24,1,1
HitterTeamId,114,vs RHP,425,361,85,133,42,8,9
HitterTeamId,115,vs LHP,209,195,50,72,9,1,1
HitterTeamId,115,vs RHP,397,366,109,174,24,2,2
HitterTeamId,116,vs LHP,124,109,27,46,14,1,0
HitterTeamId,116,vs RHP,495,435,125,213,47,3,8
HitterTeamId,117,vs LHP,141,132,26,42,8,0,0
HitterTeamId,117,vs RHP,447,409,108,157,31,3,3
HitterTeamId,118,vs LHP,192,172,52,88,14,3,1
HitterTeamId,118,vs RHP,432,409,101,156,15,1,6
HitterTeamId,119,vs LHP,291,267,58,87,20,1,3
HitterTeamId,119,vs RHP,364,317,91,144,39,3,3
HitterTeamId,120,vs LHP,135,121,33,53,11,1,1
HitterTeamId,120,vs RHP,444,393,100,159,37,5,5
HitterTeamId,121,vs LHP,109,97,26,36,10,0,1
HitterTeamId,121,vs RHP,546,476,132,219,56,4,8
HitterTeamId,133,vs LHP,135,123,33,58,12,0,0
HitterTeamId,133,vs RHP,504,457,104,176,46,1,0
HitterTeamId,134,vs LHP,117,99,24,27,15,3,0
HitterTeamId,134,vs RHP,591,523,137,230,59,2,5
HitterTeamId,135,vs LHP,145,130,30,50,11,0,1
HitterTeamId,135,vs RHP,424,388,91,150,25,3,7
HitterTeamId,136,vs LHP,154,140,37,61,12,0,1
HitterTeamId,136,vs RHP,475,425,101,161,40,2,5
HitterTeamId,137,vs LHP,253,235,49,70,15,2,1
HitterTeamId,137,vs RHP,390,339,104,154,41,5,2
HitterTeamId,138,vs LHP,176,154,42,72,14,3,3
HitterTeamId,138,vs RHP,457,411,108,169,34,4,6
HitterTeamId,139,vs LHP,169,153,38,56,10,3,3
HitterTeamId,139,vs RHP,456,428,96,171,23,0,5
HitterTeamId,140,vs LHP,61,55,14,18,5,0,1
HitterTeamId,140,vs RHP,488,451,111,186,31,0,5
HitterTeamId,141,vs LHP,113,99,18,27,13,1,0
HitterTeamId,141,vs RHP,547,452,119,184,76,6,6
HitterTeamId,142,vs LHP,217,198,41,71,15,2,0
HitterTeamId,142,vs RHP,377,333,67,112,39,1,2
HitterTeamId,143,vs LHP,86,73,24,38,7,1,5
HitterTeamId,143,vs RHP,548,492,126,186,46,1,3
HitterTeamId,144,vs LHP,157,140,47,74,9,2,4
HitterTeamId,144,vs RHP,405,356,93,139,38,3,2
HitterTeamId,145,vs LHP,152,137,36,52,12,2,1
HitterTeamId,145,vs RHP,477,443,117,206,30,2,2
HitterTeamId,146,vs LHP,59,56,14,20,3,0,0
HitterTeamId,146,vs RHP,503,449,99,160,42,2,6
HitterTeamId,147,vs LHP,312,282,82,130,23,1,3
HitterTeamId,147,vs RHP,333,295,71,108,32,4,1
HitterTeamId,158,vs LHP,157,147,36,62,8,1,0
HitterTeamId,158,vs RHP,433,394,90,165,36,0,2
PitcherTeamId,108,vs LHH,175,161,36,58,12,1,1
PitcherTeamId,108,vs RHH,445,393,107,155,42,5,5
PitcherTeamId,109,vs LHH,298,262,60,95,33,1,1
PitcherTeamId,109,vs RHH,325,290,65,115,25,4,4
PitcherTeamId,110,vs LHH,228,202,45,75,19,1,3
PitcherTeamId,110,vs RHH,404,367,87,130,28,2,5
PitcherTeamId,111,vs LHH,250,218,49,71,23,1,4
PitcherTeamId,111,vs RHH,385,348,86,140,30,4,2
PitcherTeamId,112,vs LHH,180,162,38,64,13,0,5
PitcherTeamId,112,vs RHH,433,391,90,148,34,2,3
PitcherTeamId,113,vs LHH,269,227,64,107,41,0,1
PitcherTeamId,113,vs RHH,398,356,93,160,32,3,6
PitcherTeamId,114,vs LHH,208,198,45,64,6,1,2
PitcherTeamId,114,vs RHH,362,324,84,150,31,0,5
PitcherTeamId,115,vs LHH,334,284,75,123,33,4,8
PitcherTeamId,115,vs RHH,300,266,79,137,23,2,7
PitcherTeamId,116,vs LHH,290,255,53,90,26,2,2
PitcherTeamId,116,vs RHH,291,262,74,115,23,4,0
PitcherTeamId,117,vs LHH,312,275,71,113,33,1,2
PitcherTeamId,117,vs RHH,298,267,57,89,28,2,1
PitcherTeamId,118,vs LHH,301,262,75,128,29,3,6
PitcherTeamId,118,vs RHH,384,339,94,154,38,3,1
PitcherTeamId,119,vs LHH,240,213,60,83,19,2,2
PitcherTeamId,119,vs RHH,398,361,88,149,30,3,1
PitcherTeamId,120,vs LHH,208,182,50,82,21,2,0
PitcherTeamId,120,vs RHH,390,352,88,139,31,2,4
PitcherTeamId,121,vs LHH,334,296,80,111,33,0,2
PitcherTeamId,121,vs RHH,296,270,62,98,18,4,0
PitcherTeamId,133,vs LHH,257,240,63,99,16,0,1
PitcherTeamId,133,vs RHH,366,340,80,145,20,1,3
PitcherTeamId,134,vs LHH,240,202,67,115,30,7,0
PitcherTeamId,134,vs RHH,451,414,100,156,24,2,6
PitcherTeamId,135,vs LHH,212,190,47,75,21,0,0
PitcherTeamId,135,vs RHH,384,351,88,151,27,2,2
PitcherTeamId,136,vs LHH,183,161,35,56,17,0,2
PitcherTeamId,136,vs RHH,419,391,96,166,28,0,0
PitcherTeamId,137,vs LHH,255,238,57,79,14,1,1
PitcherTeamId,137,vs RHH,337,310,71,105,19,2,3
PitcherTeamId,138,vs LHH,339,305,81,120,32,1,1
PitcherTeamId,138,vs RHH,315,288,86,128,17,5,2
PitcherTeamId,139,vs LHH,297,266,67,104,23,5,3
PitcherTeamId,139,vs RHH,351,319,88,149,29,1,1
PitcherTeamId,140,vs LHH,155,138,28,40,14,2,1
PitcherTeamId,140,vs RHH,418,379,100,162,35,1,2
PitcherTeamId,141,vs LHH,282,249,53,79,27,1,2
PitcherTeamId,141,vs RHH,349,316,67,94,27,4,2
PitcherTeamId,142,vs LHH,260,227,48,76,28,1,2
PitcherTeamId,142,vs RHH,352,318,85,138,26,2,5
PitcherTeamId,143,vs LHH,341,301,88,152,37,1,2
PitcherTeamId,143,vs RHH,306,269,70,115,21,2,10
PitcherTeamId,144,vs LHH,243,206,45,69,28,1,5
PitcherTeamId,144,vs RHH,311,285,73,122,18,2,3
PitcherTeamId,145,vs LHH,248,218,56,82,20,3,6
PitcherTeamId,145,vs RHH,384,345,85,142,25,3,10
PitcherTeamId,146,vs LHH,302,258,73,113,39,2,2
PitcherTeamId,146,vs RHH,288,261,64,107,22,2,0
PitcherTeamId,147,vs LHH,227,196,47,79,28,2,1
PitcherTeamId,147,vs RHH,405,355,93,164,42,1,4
PitcherTeamId,158,vs LHH,286,259,71,100,25,0,1
PitcherTeamId,158,vs RHH,320,293,81,128,19,1,3
