case,length_id,target_id,num_src_tables,src_numeric_total,src_categorical_total,src_numeric_avg,src_numeric_min,src_numeric_max,src_categorical_avg,src_categorical_min,src_categorical_max,tgt_numeric,tgt_categorical
length1_0,1,0,1,2,3,2.0,2,2,3.0,3,3,1,1
length1_1,1,1,2,6,6,3.0,3,3,3.0,2,4,6,5
length1_2,1,2,2,20,10,10.0,10,10,5.0,5,5,10,5
length1_3,1,3,1,9,2,9.0,9,9,2.0,2,2,1,1
length1_4,1,4,1,9,2,9.0,9,9,2.0,2,2,1,1
length1_5,1,5,2,4,2,2.0,2,2,1.0,1,1,3,2
length1_6,1,6,1,6,6,6.0,6,6,6.0,6,6,5,1
length1_7,1,7,2,3,4,1.5,1,2,2.0,2,2,3,3
length1_8,1,8,2,4,0,2.0,2,2,0.0,0,0,3,0
length1_9,1,9,1,76,1,76.0,76,76,1.0,1,1,4,0
length1_10,1,10,1,6,4,6.0,6,6,4.0,4,4,5,1
length1_11,1,11,1,1,2,1.0,1,1,2.0,2,2,1,1
length1_12,1,12,2,6,4,3.0,0,6,2.0,2,2,6,3
length1_13,1,13,1,4,4,4.0,4,4,4.0,4,4,1,2
length1_14,1,14,2,22,3,11.0,1,21,1.5,1,2,22,3
length1_15,1,15,2,8,4,4.0,3,5,2.0,2,2,8,3
length1_16,1,16,1,8,17,8.0,8,8,17.0,17,17,1,1
length1_17,1,17,2,6,6,3.0,3,3,3.0,2,4,6,5
length1_18,1,18,1,5,0,5.0,5,5,0.0,0,0,5,0
length1_19,1,19,2,8,13,4.0,4,4,6.5,4,9,7,13
length1_20,1,20,1,3,4,3.0,3,3,4.0,4,4,3,2
length1_21,1,21,1,9,2,9.0,9,9,2.0,2,2,1,1
length1_22,1,22,1,2,0,2.0,2,2,0.0,0,0,2,0
length1_23,1,23,1,2,1,2.0,2,2,1.0,1,1,2,0
length1_24,1,24,1,2,0,2.0,2,2,0.0,0,0,2,0
length1_25,1,25,2,8,4,4.0,3,5,2.0,2,2,8,3
length1_26,1,26,2,3,4,1.5,1,2,2.0,2,2,3,3
length1_27,1,27,1,21,6,21.0,21,21,6.0,6,6,21,0
length1_28,1,28,2,6,6,3.0,3,3,3.0,2,4,6,5
length1_29,1,29,1,4,3,4.0,4,4,3.0,3,3,1,1
length1_30,1,30,2,4,3,2.0,1,3,1.5,1,2,3,3
length1_31,1,31,2,8,4,4.0,3,5,2.0,2,2,8,3
length1_32,1,32,2,6,6,3.0,3,3,3.0,2,4,6,5
length1_33,1,33,2,8,4,4.0,3,5,2.0,2,2,8,3
length1_34,1,34,1,0,1,0.0,0,0,1.0,1,1,0,1
length1_35,1,35,1,2,1,2.0,2,2,1.0,1,1,2,0
length1_36,1,36,2,20,10,10.0,10,10,5.0,5,5,10,5
length1_37,1,37,2,6,3,3.0,3,3,1.5,1,2,4,3
length1_38,1,38,1,7,1,7.0,7,7,1.0,1,1,3,0
length1_39,1,39,2,8,4,4.0,3,5,2.0,2,2,8,3
length1_40,1,40,1,8,17,8.0,8,8,17.0,17,17,2,1
length1_41,1,41,1,76,1,76.0,76,76,1.0,1,1,4,0
length1_42,1,42,2,25,3,12.5,4,21,1.5,0,3,4,1
length1_43,1,43,1,1,7,1.0,1,1,7.0,7,7,7,1
length1_44,1,44,1,1,4,1.0,1,1,4.0,4,4,1,1
length1_45,1,45,2,8,4,4.0,3,5,2.0,2,2,8,3
length1_46,1,46,1,2,3,2.0,2,2,3.0,3,3,2,1
length1_47,1,47,2,6,6,3.0,3,3,3.0,2,4,6,5
length1_48,1,48,1,2,3,2.0,2,2,3.0,3,3,2,1
length1_49,1,49,2,20,10,10.0,10,10,5.0,5,5,10,5
length1_50,1,50,2,8,13,4.0,4,4,6.5,4,9,7,13
length1_51,1,51,2,6,6,3.0,3,3,3.0,2,4,6,5
length1_52,1,52,1,2,0,2.0,2,2,0.0,0,0,2,0
length1_53,1,53,1,4,2,4.0,4,4,2.0,2,2,4,1
length1_54,1,54,1,2,0,2.0,2,2,0.0,0,0,2,0
length1_55,1,55,1,0,1,0.0,0,0,1.0,1,1,0,1
length1_56,1,56,2,8,13,4.0,4,4,6.5,4,9,7,13
length1_57,1,57,1,4,0,4.0,4,4,0.0,0,0,2,0
length1_58,1,58,2,8,4,4.0,3,5,2.0,2,2,8,3
length1_59,1,59,1,8,17,8.0,8,8,17.0,17,17,1,1
length1_60,1,60,1,1,2,1.0,1,1,2.0,2,2,1,1
length1_61,1,61,1,6,6,6.0,6,6,6.0,6,6,5,1
length1_62,1,62,1,2,3,2.0,2,2,3.0,3,3,2,1
length1_63,1,63,2,8,4,4.0,3,5,2.0,2,2,8,3
length1_64,1,64,2,169,9,84.5,2,167,4.5,1,8,169,9
length1_65,1,65,1,8,13,8.0,8,8,13.0,13,13,2,0
length1_66,1,66,2,8,4,4.0,3,5,2.0,2,2,8,3
length1_67,1,67,1,7,1,7.0,7,7,1.0,1,1,3,0
length1_68,1,68,1,0,1,0.0,0,0,1.0,1,1,0,1
length1_69,1,69,2,3,4,1.5,1,2,2.0,2,2,3,3
length1_70,1,70,2,3,11,1.5,0,3,5.5,3,8,2,5
length1_71,1,71,1,5,3,5.0,5,5,3.0,3,3,2,1
length1_72,1,72,1,2,0,2.0,2,2,0.0,0,0,2,0
length1_73,1,73,2,21,3,10.5,10,11,1.5,1,2,21,2
length1_74,1,74,2,8,13,4.0,4,4,6.5,4,9,7,13
length1_75,1,75,1,10,6,10.0,10,10,6.0,6,6,15,1
length1_76,1,76,2,6,6,3.0,3,3,3.0,2,4,6,5
length1_77,1,77,1,1,7,1.0,1,1,7.0,7,7,1,1
length1_78,1,78,1,2,4,2.0,2,2,4.0,4,4,1,1
length1_79,1,79,2,21,3,10.5,10,11,1.5,1,2,21,2
length1_80,1,80,1,4,0,4.0,4,4,0.0,0,0,2,0
length1_81,1,81,1,6,6,6.0,6,6,6.0,6,6,5,0
length1_82,1,82,1,0,4,0.0,0,0,4.0,4,4,1,1
length1_83,1,83,2,21,3,10.5,10,11,1.5,1,2,21,2
length1_84,1,84,1,0,1,0.0,0,0,1.0,1,1,0,1
length1_85,1,85,2,8,13,4.0,4,4,6.5,4,9,7,13
length1_86,1,86,1,10,6,10.0,10,10,6.0,6,6,1,1
length1_87,1,87,1,2,0,2.0,2,2,0.0,0,0,2,0
length1_88,1,88,1,1,10,1.0,1,1,10.0,10,10,1,10
length1_89,1,89,1,6,3,6.0,6,6,3.0,3,3,252,1
length1_90,1,90,1,7,10,7.0,7,7,10.0,10,10,1,0
length1_91,1,91,1,3,7,3.0,3,3,7.0,7,7,3,7
length1_92,1,92,1,0,3,0.0,0,0,3.0,3,3,0,3
length1_93,1,93,1,2,2,2.0,2,2,2.0,2,2,2,2
length1_94,1,94,2,7,1,3.5,3,4,0.5,0,1,6,2
length1_95,1,95,1,2,1,2.0,2,2,1.0,1,1,1,1
length1_96,1,96,2,169,9,84.5,2,167,4.5,1,8,1,0
length1_97,1,97,1,2,5,2.0,2,2,5.0,5,5,1,1
length1_98,1,98,2,3,0,1.5,1,2,0.0,0,0,2,0
length1_99,1,99,1,4,4,4.0,4,4,4.0,4,4,4,4
length2_0,2,0,2,6,6,3.0,3,3,3.0,2,4,1,1
length2_1,2,1,1,4,0,4.0,4,4,0.0,0,0,4,0
length2_2,2,2,2,8,13,4.0,4,4,6.5,4,9,1,3
length2_3,2,3,3,14,16,4.666666666666667,4,5,5.333333333333333,5,6,4,6
length2_4,2,4,3,0,6,0.0,0,0,2.0,2,2,0,2
length2_5,2,5,2,3,4,1.5,1,2,2.0,2,2,1,1
length2_6,2,6,2,8,13,4.0,4,4,6.5,4,9,1,1
length2_7,2,7,2,8,13,4.0,4,4,6.5,4,9,1,2
length2_8,2,8,2,3,3,1.5,0,3,1.5,1,2,2,1
length2_9,2,9,2,3,4,1.5,1,2,2.0,2,2,1,1
length2_10,2,10,2,3,4,1.5,1,2,2.0,2,2,1,1
length2_11,2,11,2,3,4,1.5,1,2,2.0,2,2,3,1
length2_12,2,12,2,6,6,3.0,3,3,3.0,2,4,1,1
length2_13,2,13,2,3,4,1.5,1,2,2.0,2,2,1,1
length2_14,2,14,3,14,16,4.666666666666667,4,5,5.333333333333333,5,6,4,6
length2_15,2,15,2,5,2,2.5,1,4,1.0,0,2,4,4
length2_16,2,16,2,3,4,1.5,1,2,2.0,2,2,3,1
length2_17,2,17,2,5,3,2.5,2,3,1.5,1,2,4,1
length2_18,2,18,2,3,4,1.5,1,2,2.0,2,2,2,1
length2_19,2,19,1,0,4,0.0,0,0,4.0,4,4,2,0
length2_20,2,20,2,3,3,1.5,0,3,1.5,1,2,2,1
length2_21,2,21,2,2,4,1.0,1,1,2.0,2,2,2,2
length2_22,2,22,2,3,4,1.5,1,2,2.0,2,2,1,1
length2_23,2,23,2,3,4,1.5,1,2,2.0,2,2,1,1
length2_24,2,24,2,4,1,2.0,1,3,0.5,0,1,2,1
length2_25,2,25,2,3,4,1.5,1,2,2.0,2,2,3,1
length2_26,2,26,2,2,5,1.0,0,2,2.5,2,3,5,1
length2_27,2,27,2,6,6,3.0,3,3,3.0,2,4,10,1
length2_28,2,28,2,11,4,5.5,4,7,2.0,1,3,12,1
length2_29,2,29,2,4,1,2.0,1,3,0.5,0,1,4,1
length2_30,2,30,2,3,4,1.5,1,2,2.0,2,2,1,1
length2_31,2,31,2,4,4,2.0,2,2,2.0,2,2,3,2
length2_32,2,32,2,3,4,1.5,1,2,2.0,2,2,1,1
length2_33,2,33,2,2,5,1.0,0,2,2.5,2,3,5,1
length2_34,2,34,2,3,4,1.5,1,2,2.0,2,2,1,1
length2_35,2,35,2,12,22,6.0,6,6,11.0,6,16,2,1
length2_36,2,36,3,10,17,3.3333333333333335,2,6,5.666666666666667,0,17,9,16
length2_37,2,37,2,12,22,6.0,6,6,11.0,6,16,1,1
length2_38,2,38,2,3,4,1.5,1,2,2.0,2,2,1,1
length2_39,2,39,2,3,3,1.5,0,3,1.5,1,2,2,1
length2_40,2,40,2,6,6,3.0,3,3,3.0,2,4,1,1
length2_41,2,41,2,3,3,1.5,0,3,1.5,1,2,2,1
length2_42,2,42,2,11,4,5.5,4,7,2.0,1,3,1,1
length2_43,2,43,2,22,6,11.0,11,11,3.0,2,4,5,1
length2_44,2,44,2,3,4,1.5,1,2,2.0,2,2,2,1
length2_45,2,45,1,4,3,4.0,4,4,3.0,3,3,2,1
length2_46,2,46,3,12,21,4.0,4,4,7.0,7,7,4,7
length2_47,2,47,2,18,17,9.0,4,14,8.5,0,17,33,1
length2_48,2,48,2,3,3,1.5,0,3,1.5,1,2,2,1
length2_49,2,49,2,12,6,6.0,3,9,3.0,2,4,1,1
length2_50,2,50,2,18,17,9.0,4,14,8.5,0,17,3,1
length2_51,2,51,2,3,3,1.5,0,3,1.5,1,2,2,1
length2_52,2,52,3,14,16,4.666666666666667,4,5,5.333333333333333,5,6,4,6
length2_53,2,53,3,6,6,2.0,0,6,2.0,2,2,6,4
length2_54,2,54,2,18,17,9.0,4,14,8.5,0,17,3,1
length2_55,2,55,2,5,2,2.5,1,4,1.0,0,2,3,2
length2_56,2,56,2,3,4,1.5,1,2,2.0,2,2,1,1
length2_57,2,57,2,4,1,2.0,1,3,0.5,0,1,2,1
length2_58,2,58,2,3,4,1.5,1,2,2.0,2,2,3,1
length2_59,2,59,3,8,4,2.6666666666666665,1,4,1.3333333333333333,0,2,6,4
length2_60,2,60,3,6,12,2.0,0,6,4.0,3,5,6,10
length2_61,2,61,1,4,0,4.0,4,4,0.0,0,0,4,0
length2_62,2,62,2,3,4,1.5,1,2,2.0,2,2,1,1
length2_63,2,63,2,3,4,1.5,1,2,2.0,2,2,3,1
length2_64,2,64,2,3,3,1.5,0,3,1.5,1,2,2,1
length2_65,2,65,2,12,6,6.0,3,9,3.0,2,4,1,1
length2_66,2,66,2,6,6,3.0,3,3,3.0,2,4,1,1
length2_67,2,67,2,7,6,3.5,3,4,3.0,2,4,4,5
length2_68,2,68,2,6,6,3.0,3,3,3.0,2,4,4,2
length2_69,2,69,2,3,4,1.5,1,2,2.0,2,2,1,1
length2_70,2,70,2,6,6,3.0,3,3,3.0,2,4,4,1
length2_71,2,71,2,6,6,3.0,3,3,3.0,2,4,1,1
length2_72,2,72,2,3,4,1.5,1,2,2.0,2,2,3,1
length2_73,2,73,2,4,4,2.0,2,2,2.0,2,2,3,2
length2_74,2,74,2,3,3,1.5,0,3,1.5,1,2,2,1
length2_75,2,75,2,3,4,1.5,1,2,2.0,2,2,1,1
length2_76,2,76,2,3,4,1.5,1,2,2.0,2,2,2,1
length2_77,2,77,2,3,4,1.5,1,2,2.0,2,2,1,1
length2_78,2,78,3,6,12,2.0,0,6,4.0,3,5,6,10
length2_79,2,79,2,3,4,1.5,1,2,2.0,2,2,1,1
length2_80,2,80,1,4,0,4.0,4,4,0.0,0,0,4,0
length2_81,2,81,2,3,4,1.5,1,2,2.0,2,2,1,1
length2_82,2,82,2,5,2,2.5,1,4,1.0,0,2,4,4
length2_83,2,83,1,0,2,0.0,0,0,2.0,2,2,1,1
length2_84,2,84,2,3,4,1.5,1,2,2.0,2,2,1,1
length2_85,2,85,2,3,3,1.5,0,3,1.5,1,2,2,1
length2_86,2,86,2,12,6,6.0,3,9,3.0,2,4,1,1
length2_87,2,87,1,7,5,7.0,7,7,5.0,5,5,0,1
length2_88,2,88,2,3,4,1.5,1,2,2.0,2,2,2,1
length2_89,2,89,2,3,4,1.5,1,2,2.0,2,2,1,1
length2_90,2,90,1,1,2,1.0,1,1,2.0,2,2,1,2
length2_91,2,91,2,8,13,4.0,4,4,6.5,4,9,1,1
length2_92,2,92,2,3,4,1.5,1,2,2.0,2,2,1,1
length2_93,2,93,2,3,3,1.5,0,3,1.5,1,2,2,1
length2_94,2,94,1,4,0,4.0,4,4,0.0,0,0,4,0
length2_95,2,95,2,6,6,3.0,3,3,3.0,2,4,6,2
length2_96,2,96,2,12,6,6.0,3,9,3.0,2,4,1,1
length2_97,2,97,2,6,6,3.0,3,3,3.0,2,4,4,2
length2_98,2,98,2,3,4,1.5,1,2,2.0,2,2,1,1
length2_99,2,99,2,3,4,1.5,1,2,2.0,2,2,1,1
length3_0,3,0,1,4,3,4.0,4,4,3.0,3,3,2,1
length3_1,3,1,4,12,4,3.0,3,3,1.0,1,1,12,1
length3_2,3,2,3,8,4,2.6666666666666665,1,4,1.3333333333333333,0,2,6,1
length3_3,3,3,3,8,4,2.6666666666666665,1,4,1.3333333333333333,0,2,6,1
length3_4,3,4,1,4,3,4.0,4,4,3.0,3,3,1,1
length3_5,3,5,3,36,0,12.0,12,12,0.0,0,0,12,0
length3_6,3,6,3,27,6,9.0,2,21,2.0,0,3,1,1
length3_7,3,7,4,12,4,3.0,3,3,1.0,1,1,12,1
length3_8,3,8,4,12,4,3.0,3,3,1.0,1,1,12,1
length3_9,3,9,2,1,6,0.5,0,1,3.0,2,4,1,1
length3_10,3,10,2,2,4,1.0,0,2,2.0,1,3,2,4
length3_11,3,11,1,4,3,4.0,4,4,3.0,3,3,2,1
length3_12,3,12,1,4,3,4.0,4,4,3.0,3,3,2,1
length3_13,3,13,1,4,3,4.0,4,4,3.0,3,3,2,1
length3_14,3,14,3,8,4,2.6666666666666665,1,4,1.3333333333333333,0,2,6,1
length3_15,3,15,3,8,4,2.6666666666666665,1,4,1.3333333333333333,0,2,2,1
length3_16,3,16,3,8,4,2.6666666666666665,1,4,1.3333333333333333,0,2,2,1
length3_17,3,17,3,8,4,2.6666666666666665,1,4,1.3333333333333333,0,2,2,1
length3_18,3,18,3,8,4,2.6666666666666665,1,4,1.3333333333333333,0,2,6,1
length3_19,3,19,3,8,4,2.6666666666666665,1,4,1.3333333333333333,0,2,6,1
length3_20,3,20,1,4,3,4.0,4,4,3.0,3,3,1,1
length3_21,3,21,1,2,2,2.0,2,2,2.0,2,2,2,1
length3_22,3,22,2,10,18,5.0,1,9,9.0,1,17,3,1
length3_23,3,23,4,12,4,3.0,3,3,1.0,1,1,12,1
length3_24,3,24,3,8,4,2.6666666666666665,1,4,1.3333333333333333,0,2,2,1
length3_25,3,25,3,8,4,2.6666666666666665,1,4,1.3333333333333333,0,2,6,1
length3_26,3,26,3,8,4,2.6666666666666665,1,4,1.3333333333333333,0,2,1,1
length3_27,3,27,3,8,4,2.6666666666666665,1,4,1.3333333333333333,0,2,6,1
length3_28,3,28,2,3,4,1.5,1,2,2.0,2,2,3,2
length3_29,3,29,2,3,4,1.5,1,2,2.0,2,2,3,2
length3_30,3,30,2,3,4,1.5,1,2,2.0,2,2,3,2
length3_31,3,31,3,8,4,2.6666666666666665,1,4,1.3333333333333333,0,2,2,1
length3_32,3,32,3,8,4,2.6666666666666665,1,4,1.3333333333333333,0,2,6,1
length3_33,3,33,3,8,4,2.6666666666666665,1,4,1.3333333333333333,0,2,6,1
length3_34,3,34,2,116,8,58.0,58,58,4.0,4,4,0,5
length3_35,3,35,3,3,13,1.0,0,2,4.333333333333333,3,7,2,4
length3_36,3,36,4,0,7,0.0,0,0,1.75,1,2,0,3
length3_37,3,37,4,0,7,0.0,0,0,1.75,1,2,0,3
length3_38,3,38,4,4,4,1.0,1,1,1.0,1,1,4,1
length3_39,3,39,2,5,2,2.5,1,4,1.0,0,2,2,0
length3_40,3,40,2,3,3,1.5,0,3,1.5,1,2,11,0
length3_41,3,41,2,6,6,3.0,3,3,3.0,2,4,4,0
length3_42,3,42,2,6,6,3.0,3,3,3.0,2,4,5,0
length3_43,3,43,2,6,6,3.0,3,3,3.0,2,4,5,1
length3_44,3,44,2,3,4,1.5,1,2,2.0,2,2,3,2
length3_45,3,45,2,3,4,1.5,1,2,2.0,2,2,3,2
length3_46,3,46,2,3,4,1.5,1,2,2.0,2,2,3,2
length3_47,3,47,2,116,8,58.0,58,58,4.0,4,4,0,5
length3_48,3,48,4,9,0,2.25,2,3,0.0,0,0,6,0
length3_49,3,49,1,5,5,5.0,5,5,5.0,5,5,2,1
length3_50,3,50,2,3,4,1.5,1,2,2.0,2,2,3,2
length3_51,3,51,2,3,4,1.5,1,2,2.0,2,2,3,2
length3_52,3,52,4,8,4,2.0,2,2,1.0,1,1,5,4
length3_53,3,53,3,15,24,5.0,5,5,8.0,8,8,5,0
length3_54,3,54,4,16,4,4.0,4,4,1.0,1,1,13,4
length3_55,3,55,4,16,4,4.0,4,4,1.0,1,1,13,4
length3_56,3,56,4,16,4,4.0,4,4,1.0,1,1,13,4
length3_57,3,57,2,3,3,1.5,0,3,1.5,1,2,11,0
length3_58,3,58,2,3,3,1.5,0,3,1.5,1,2,11,0
length3_59,3,59,2,3,3,1.5,0,3,1.5,1,2,11,0
length3_60,3,60,2,3,3,1.5,0,3,1.5,1,2,11,0
length3_61,3,61,2,3,3,1.5,0,3,1.5,1,2,11,0
length3_62,3,62,4,12,4,3.0,3,3,1.0,1,1,12,1
length3_63,3,63,4,12,4,3.0,3,3,1.0,1,1,12,1
length3_64,3,64,1,2,1,2.0,2,2,1.0,1,1,4,0
length3_65,3,65,2,3,3,1.5,0,3,1.5,1,2,11,0
length3_66,3,66,2,3,3,1.5,0,3,1.5,1,2,11,0
length3_67,3,67,4,12,4,3.0,3,3,1.0,1,1,12,1
length3_68,3,68,4,12,4,3.0,3,3,1.0,1,1,12,1
length3_69,3,69,2,3,4,1.5,1,2,2.0,2,2,1,2
length3_70,3,70,2,3,4,1.5,1,2,2.0,2,2,1,2
length3_71,3,71,2,3,4,1.5,1,2,2.0,2,2,1,2
length3_72,3,72,2,3,4,1.5,1,2,2.0,2,2,1,2
length3_73,3,73,2,3,4,1.5,1,2,2.0,2,2,1,2
length3_74,3,74,2,3,4,1.5,1,2,2.0,2,2,1,2
length3_75,3,75,2,3,4,1.5,1,2,2.0,2,2,1,2
length3_76,3,76,2,3,4,1.5,1,2,2.0,2,2,1,2
length3_77,3,77,2,3,4,1.5,1,2,2.0,2,2,1,2
length3_78,3,78,3,8,6,2.6666666666666665,2,4,2.0,0,3,3,1
length3_79,3,79,3,36,0,12.0,12,12,0.0,0,0,12,0
length3_80,3,80,4,63,61,15.75,15,16,15.25,15,16,15,16
length3_81,3,81,4,63,61,15.75,15,16,15.25,15,16,15,16
length3_82,3,82,4,63,61,15.75,15,16,15.25,15,16,15,16
length3_83,3,83,3,3,13,1.0,0,2,4.333333333333333,3,7,2,3
length3_84,3,84,3,3,13,1.0,0,2,4.333333333333333,3,7,2,4
length3_85,3,85,4,0,7,0.0,0,0,1.75,1,2,0,3
length3_86,3,86,3,66,6,22.0,3,56,2.0,1,4,20,0
length3_87,3,87,3,66,6,22.0,3,56,2.0,1,4,2,0
length3_88,3,88,4,8,0,2.0,1,3,0.0,0,0,5,0
length3_89,3,89,1,12,10,12.0,12,12,10.0,10,10,21,0
length3_90,3,90,1,12,10,12.0,12,12,10.0,10,10,21,0
length3_91,3,91,3,8,6,2.6666666666666665,2,4,2.0,0,3,6,1
length3_92,3,92,3,8,6,2.6666666666666665,2,4,2.0,0,3,6,1
length3_93,3,93,3,8,6,2.6666666666666665,2,4,2.0,0,3,2,0
length3_94,3,94,3,8,6,2.6666666666666665,2,4,2.0,0,3,3,1
length3_95,3,95,3,8,6,2.6666666666666665,2,4,2.0,0,3,3,1
length3_96,3,96,3,27,6,9.0,2,21,2.0,0,3,30,1
length3_97,3,97,3,27,6,9.0,2,21,2.0,0,3,1,1
length3_98,3,98,2,26,61,13.0,4,22,30.5,3,58,1,1
length3_99,3,99,2,26,61,13.0,4,22,30.5,3,58,1,1
length3_100,3,100,3,66,6,22.0,3,56,2.0,1,4,2,0
length4_0,4,0,4,17,11,4.25,2,6,2.75,1,5,0,1
length4_1,4,1,4,17,11,4.25,2,6,2.75,1,5,24,3
length4_2,4,2,4,17,11,4.25,2,6,2.75,1,5,26,1
length4_3,4,3,4,17,11,4.25,2,6,2.75,1,5,25,2
length4_4,4,4,4,17,11,4.25,2,6,2.75,1,5,24,3
length4_5,4,5,4,17,11,4.25,2,6,2.75,1,5,26,1
length4_6,4,6,4,17,11,4.25,2,6,2.75,1,5,25,2
length4_7,4,7,4,17,11,4.25,2,6,2.75,1,5,2,1
length4_8,4,8,4,17,11,4.25,2,6,2.75,1,5,2,1
length4_9,4,9,4,17,11,4.25,2,6,2.75,1,5,2,1
length4_10,4,10,3,7,5,2.3333333333333335,1,4,1.6666666666666667,0,3,10,2
length4_11,4,11,3,8,4,2.6666666666666665,1,4,1.3333333333333333,0,2,10,2
length4_12,4,12,4,17,11,4.25,2,6,2.75,1,5,17,10
length4_13,4,13,4,17,11,4.25,2,6,2.75,1,5,3,2
length4_14,4,14,4,17,11,4.25,2,6,2.75,1,5,3,2
length4_15,4,15,4,17,11,4.25,2,6,2.75,1,5,2,2
length4_16,4,16,4,17,11,4.25,2,6,2.75,1,5,4,2
length4_17,4,17,4,17,11,4.25,2,6,2.75,1,5,7,2
length4_18,4,18,1,18,9,18.0,18,18,9.0,9,9,3,1
length4_19,4,19,1,18,9,18.0,18,18,9.0,9,9,3,1
length4_20,4,20,1,18,9,18.0,18,18,9.0,9,9,3,1
length4_21,4,21,1,18,9,18.0,18,18,9.0,9,9,3,1
length4_22,4,22,1,18,9,18.0,18,18,9.0,9,9,3,1
length4_23,4,23,5,7,23,1.4,1,3,4.6,1,18,3,22
length4_24,4,24,4,12,16,3.0,3,3,4.0,4,4,6,1
length4_25,4,25,4,12,16,3.0,3,3,4.0,4,4,6,1
length4_26,4,26,4,12,16,3.0,3,3,4.0,4,4,7,0
length4_27,4,27,4,12,8,3.0,3,3,2.0,2,2,4,1
length4_28,4,28,4,12,8,3.0,3,3,2.0,2,2,4,1
length4_29,4,29,4,12,8,3.0,3,3,2.0,2,2,5,0
length4_30,4,30,5,79,76,15.8,15,16,15.2,15,16,15,16
length4_31,4,31,5,0,9,0.0,0,0,1.8,1,2,0,5
length4_32,4,32,5,0,9,0.0,0,0,1.8,1,2,0,5
length4_33,4,33,5,5,5,1.0,1,1,1.0,1,1,5,1
length4_34,4,34,5,7,5,1.4,1,3,1.0,1,1,7,1
length4_35,4,35,5,7,5,1.4,1,3,1.0,1,1,7,1
length4_36,4,36,5,23,26,4.6,1,19,5.2,1,22,22,22
length4_37,4,37,5,23,26,4.6,1,19,5.2,1,22,22,22
length4_38,4,38,5,7,23,1.4,1,3,4.6,1,18,3,23
length4_39,4,39,4,8,4,2.0,2,2,1.0,1,1,2,1
length4_40,4,40,4,8,4,2.0,2,2,1.0,1,1,3,0
length4_41,4,41,4,8,4,2.0,2,2,1.0,1,1,3,0
length4_42,4,42,4,9,27,2.25,2,3,6.75,6,7,8,1
length4_43,4,43,4,9,27,2.25,2,3,6.75,6,7,8,1
length4_44,4,44,4,9,27,2.25,2,3,6.75,6,7,8,1
length4_45,4,45,4,10,4,2.5,2,3,1.0,1,1,5,0
length4_46,4,46,4,10,4,2.5,2,3,1.0,1,1,5,0
length4_47,4,47,4,10,4,2.5,2,3,1.0,1,1,5,0
length4_48,4,48,1,22,6,22.0,22,22,6.0,6,6,11,1
length4_49,4,49,1,22,6,22.0,22,22,6.0,6,6,11,1
length4_50,4,50,1,22,6,22.0,22,22,6.0,6,6,12,0
length4_51,4,51,4,44,7,11.0,11,11,1.75,1,2,12,1
length4_52,4,52,4,44,7,11.0,11,11,1.75,1,2,13,0
length4_53,4,53,4,44,7,11.0,11,11,1.75,1,2,12,1
length4_54,4,54,4,8,0,2.0,2,2,0.0,0,0,2,0
length4_55,4,55,4,8,0,2.0,2,2,0.0,0,0,2,0
length4_56,4,56,4,12,8,3.0,3,3,2.0,2,2,4,1
length4_57,4,57,4,8,0,2.0,2,2,0.0,0,0,2,0
length4_58,4,58,4,8,0,2.0,2,2,0.0,0,0,2,0
length4_59,4,59,4,4,20,1.0,1,1,5.0,5,5,5,1
length4_60,4,60,4,4,20,1.0,1,1,5.0,5,5,5,1
length4_61,4,61,4,4,20,1.0,1,1,5.0,5,5,5,1
length4_62,4,62,4,1543,0,385.75,352,413,0.0,0,0,520,0
length4_63,4,63,4,1543,0,385.75,352,413,0.0,0,0,520,0
length4_64,4,64,4,1543,0,385.75,352,413,0.0,0,0,520,0
length4_65,4,65,5,0,25,0.0,0,0,5.0,5,5,0,5
length4_66,4,66,5,0,25,0.0,0,0,5.0,5,5,0,5
length4_67,4,67,1,3,7,3.0,3,3,7.0,7,7,3,1
length4_68,4,68,2,6,6,3.0,3,3,3.0,2,4,4,2
length4_69,4,69,3,3,5,1.0,1,1,1.6666666666666667,1,2,1,5
length4_70,4,70,5,5,25,1.0,1,1,5.0,5,5,1,5
length4_71,4,71,1,24,3,24.0,24,24,3.0,3,3,24,1
length4_72,4,72,2,3,4,1.5,1,2,2.0,2,2,2,1
length4_73,4,73,2,3,4,1.5,1,2,2.0,2,2,3,2
length4_74,4,74,1,4,3,4.0,4,4,3.0,3,3,6,1
length4_75,4,75,2,6,6,3.0,3,3,3.0,2,4,2,1
length4_76,4,76,3,9,4,3.0,1,5,1.3333333333333333,1,2,2,2
length4_77,4,77,3,10,7,3.3333333333333335,3,4,2.3333333333333335,1,4,7,2
length4_78,4,78,3,10,7,3.3333333333333335,3,4,2.3333333333333335,1,4,8,2
length4_79,4,79,5,15,5,3.0,3,3,1.0,1,1,3,1
length4_80,4,80,2,3,3,1.5,0,3,1.5,1,2,5,1
length4_81,4,81,2,3,3,1.5,0,3,1.5,1,2,5,1
length4_82,4,82,5,21,5,4.2,1,15,1.0,1,1,10,1
length4_83,4,83,2,3,4,1.5,1,2,2.0,2,2,2,2
length4_84,4,84,5,10,15,2.0,2,2,3.0,3,3,2,3
length4_85,4,85,1,2,5,2.0,2,2,5.0,5,5,1,1
length4_86,4,86,5,5,35,1.0,1,1,7.0,7,7,1,7
length4_87,4,87,4,1543,0,385.75,352,413,0.0,0,0,520,0
length4_88,4,88,4,36,12,9.0,9,9,3.0,3,3,1,0
length4_89,4,89,4,36,12,9.0,9,9,3.0,3,3,0,1
length4_90,4,90,4,36,12,9.0,9,9,3.0,3,3,1,0
length4_91,4,91,4,36,12,9.0,9,9,3.0,3,3,0,1
length4_92,4,92,3,8,4,2.6666666666666665,1,4,1.3333333333333333,0,2,10,2
length4_93,4,93,3,8,4,2.6666666666666665,1,4,1.3333333333333333,0,2,10,2
length4_94,4,94,4,32,8,8.0,8,8,2.0,2,2,9,1
length4_95,4,95,4,32,8,8.0,8,8,2.0,2,2,9,1
length4_96,4,96,4,32,8,8.0,8,8,2.0,2,2,10,0
length4_97,4,97,1,7,5,7.0,7,7,5.0,5,5,9,5
length4_98,4,98,1,7,5,7.0,7,7,5.0,5,5,9,5
length4_99,4,99,1,7,5,7.0,7,7,5.0,5,5,9,5
length5_0,5,0,2,6,6,3.0,3,3,3.0,2,4,12,1
length5_1,5,1,5,30,0,6.0,6,6,0.0,0,0,0,6
length5_2,5,2,6,11,5,1.8333333333333333,1,2,0.8333333333333334,0,1,6,5
length5_3,5,3,6,7,11,1.1666666666666667,0,3,1.8333333333333333,1,4,8,2
length5_4,5,4,4,6,7,1.5,1,3,1.75,1,4,5,2
length5_5,5,5,6,24,6,4.0,4,4,1.0,1,1,19,6
length5_6,5,6,3,4,6,1.3333333333333333,1,2,2.0,2,2,4,1
length5_7,5,7,5,6,18,1.2,0,6,3.6,3,5,7,1
length5_8,5,8,2,6,6,3.0,3,3,3.0,2,4,1,1
length5_9,5,9,5,0,25,0.0,0,0,5.0,5,5,4,1
length5_10,5,10,2,6,6,3.0,3,3,3.0,2,4,1,1
length5_11,5,11,5,15,5,3.0,3,3,1.0,1,1,4,0
length5_12,5,12,5,6,18,1.2,0,6,3.6,3,5,6,2
length5_13,5,13,5,6,18,1.2,0,6,3.6,3,5,6,1
length5_14,5,14,5,6,18,1.2,0,6,3.6,3,5,3,1
length5_15,5,15,5,15,5,3.0,3,3,1.0,1,1,4,0
length5_16,5,16,5,25,10,5.0,5,5,2.0,2,2,8,0
length5_17,5,17,6,18,36,3.0,3,3,6.0,6,6,3,6
length5_18,5,18,5,6,18,1.2,0,6,3.6,3,5,6,1
length5_19,5,19,5,5,25,1.0,1,1,5.0,5,5,5,1
length5_20,5,20,5,15,5,3.0,3,3,1.0,1,1,4,0
length5_21,5,21,5,6,18,1.2,0,6,3.6,3,5,5,2
length5_22,5,22,2,6,6,3.0,3,3,3.0,2,4,1,1
length5_23,5,23,6,24,6,4.0,4,4,1.0,1,1,19,6
length5_24,5,24,2,6,6,3.0,3,3,3.0,2,4,4,1
length5_25,5,25,5,15,5,3.0,3,3,1.0,1,1,4,0
length5_26,5,26,5,6,18,1.2,0,6,3.6,3,5,5,2
length5_27,5,27,6,24,6,4.0,4,4,1.0,1,1,19,6
length5_28,5,28,2,6,3,3.0,3,3,1.5,1,2,3,1
length5_29,5,29,2,6,6,3.0,3,3,3.0,2,4,1,1
length5_30,5,30,2,6,6,3.0,3,3,3.0,2,4,4,1
length5_31,5,31,5,5,25,1.0,1,1,5.0,5,5,5,1
length5_32,5,32,6,24,6,4.0,4,4,1.0,1,1,19,6
length5_33,5,33,5,5,25,1.0,1,1,5.0,5,5,5,1
length5_34,5,34,6,210,84,35.0,35,35,14.0,14,14,35,14
length5_35,5,35,5,6,18,1.2,0,6,3.6,3,5,4,2
length5_36,5,36,1,17,1,17.0,17,17,1.0,1,1,0,1
length5_37,5,37,6,210,84,35.0,35,35,14.0,14,14,35,14
length5_38,5,38,5,15,5,3.0,3,3,1.0,1,1,3,1
length5_39,5,39,5,6,18,1.2,0,6,3.6,3,5,3,2
length5_40,5,40,5,6,18,1.2,0,6,3.6,3,5,3,2
length5_41,5,41,5,0,25,0.0,0,0,5.0,5,5,4,1
length5_42,5,42,5,15,5,3.0,3,3,1.0,1,1,4,0
length5_43,5,43,5,6,18,1.2,0,6,3.6,3,5,5,1
length5_44,5,44,5,6,18,1.2,0,6,3.6,3,5,4,1
length5_45,5,45,1,4,3,4.0,4,4,3.0,3,3,14,1
length5_46,5,46,5,6,18,1.2,0,6,3.6,3,5,3,1
length5_47,5,47,5,45,10,9.0,9,9,2.0,2,2,11,0
length5_48,5,48,5,6,18,1.2,0,6,3.6,3,5,6,1
length5_49,5,49,5,25,10,5.0,5,5,2.0,2,2,6,1
length5_50,5,50,5,6,18,1.2,0,6,3.6,3,5,3,1
length5_51,5,51,5,6,18,1.2,0,6,3.6,3,5,3,1
length5_52,5,52,5,30,0,6.0,6,6,0.0,0,0,0,6
length5_53,5,53,1,4,3,4.0,4,4,3.0,3,3,10,0
length5_54,5,54,1,1,2,1.0,1,1,2.0,2,2,5,1
length5_55,5,55,5,15,5,3.0,3,3,1.0,1,1,4,0
length5_56,5,56,5,45,10,9.0,9,9,2.0,2,2,10,1
length5_57,5,57,5,15,5,3.0,3,3,1.0,1,1,4,0
length5_58,5,58,5,0,25,0.0,0,0,5.0,5,5,4,1
length5_59,5,59,1,4,3,4.0,4,4,3.0,3,3,3,0
length5_60,5,60,1,4,3,4.0,4,4,3.0,3,3,15,0
length5_61,5,61,5,30,0,6.0,6,6,0.0,0,0,0,6
length5_62,5,62,5,25,10,5.0,5,5,2.0,2,2,6,1
length5_63,5,63,5,6,18,1.2,0,6,3.6,3,5,5,1
length5_64,5,64,5,6,18,1.2,0,6,3.6,3,5,3,2
length5_65,5,65,5,6,18,1.2,0,6,3.6,3,5,5,2
length5_66,5,66,6,13,41,2.1666666666666665,2,3,6.833333333333333,6,7,2,7
length5_67,5,67,5,6,18,1.2,0,6,3.6,3,5,3,2
length5_68,5,68,2,6,6,3.0,3,3,3.0,2,4,1,1
length5_69,5,69,5,6,18,1.2,0,6,3.6,3,5,4,1
length5_70,5,70,5,0,25,0.0,0,0,5.0,5,5,4,1
length5_71,5,71,5,6,18,1.2,0,6,3.6,3,5,6,2
length5_72,5,72,5,15,5,3.0,3,3,1.0,1,1,3,1
length5_73,5,73,6,28,12,4.666666666666667,2,10,2.0,0,5,23,10
length5_74,5,74,5,8,18,1.6,0,6,3.6,3,5,1,0
length5_75,5,75,5,8,18,1.6,0,6,3.6,3,5,1,0
length5_76,5,76,2,6,6,3.0,3,3,3.0,2,4,1,1
length5_77,5,77,2,6,6,3.0,3,3,3.0,2,4,1,1
length5_78,5,78,5,8,18,1.6,0,6,3.6,3,5,1,0
length5_79,5,79,5,45,10,9.0,9,9,2.0,2,2,10,1
length5_80,5,80,1,4,3,4.0,4,4,3.0,3,3,13,1
length5_81,5,81,5,8,18,1.6,0,6,3.6,3,5,1,0
length5_82,5,82,1,4,3,4.0,4,4,3.0,3,3,12,1
length5_83,5,83,5,8,18,1.6,0,6,3.6,3,5,1,0
length5_84,5,84,1,4,3,4.0,4,4,3.0,3,3,15,0
length5_85,5,85,5,8,18,1.6,0,6,3.6,3,5,1,0
length5_86,5,86,5,8,18,1.6,0,6,3.6,3,5,1,0
length5_87,5,87,5,8,18,1.6,0,6,3.6,3,5,1,0
length5_88,5,88,5,8,18,1.6,0,6,3.6,3,5,1,0
length5_89,5,89,5,8,18,1.6,0,6,3.6,3,5,1,0
length5_90,5,90,2,3,4,1.5,1,2,2.0,2,2,4,2
length5_91,5,91,5,15,5,3.0,3,3,1.0,1,1,4,0
length5_92,5,92,1,4,1,4.0,4,4,1.0,1,1,9,1
length5_93,5,93,5,0,25,0.0,0,0,5.0,5,5,4,1
length5_94,5,94,2,3,4,1.5,1,2,2.0,2,2,4,2
length5_95,5,95,2,6,6,3.0,3,3,3.0,2,4,1,1
length5_96,5,96,5,8,18,1.6,0,6,3.6,3,5,1,0
length5_97,5,97,5,15,5,3.0,3,3,1.0,1,1,3,1
length6_0,6,0,8,56,72,7.0,7,7,9.0,9,9,7,9
length6_1,6,1,1,6,8,6.0,6,6,8.0,8,8,6,8
length6_2,6,2,1,7,7,7.0,7,7,7.0,7,7,7,7
length6_3,6,3,7,77,0,11.0,11,11,0.0,0,0,11,1
length6_4,6,4,1,7,8,7.0,7,7,8.0,8,8,7,8
length6_5,6,5,7,21,7,3.0,3,3,1.0,1,1,3,1
length6_6,6,6,9,26,64,2.888888888888889,2,3,7.111111111111111,7,8,2,8
length6_7,6,7,7,14,0,2.0,2,2,0.0,0,0,8,0
length6_8,6,8,7,7,7,1.0,1,1,1.0,1,1,1,1
length6_9,6,9,8,9,10,1.125,0,3,1.25,1,3,11,1
length6_10,6,10,7,7,7,1.0,1,1,1.0,1,1,7,1
length6_11,6,11,7,7,7,1.0,1,1,1.0,1,1,1,1
length6_12,6,12,4,11,13,2.75,1,7,3.25,1,8,3,1
length6_13,6,13,8,56,72,7.0,7,7,9.0,9,9,7,9
length6_14,6,14,1,3,5,3.0,3,3,5.0,5,5,15,1
length6_15,6,15,9,9,9,1.0,1,1,1.0,1,1,7,1
length6_16,6,16,8,56,72,7.0,7,7,9.0,9,9,7,9
length6_17,6,17,7,26,28,3.7142857142857144,1,20,4.0,1,22,26,22
length6_18,6,18,9,9,9,1.0,1,1,1.0,1,1,9,1
length6_19,6,19,8,9,10,1.125,0,3,1.25,1,3,11,1
length6_20,6,20,4,12,4,3.0,3,3,1.0,1,1,3,1
length6_21,6,21,8,56,72,7.0,7,7,9.0,9,9,7,9
length6_22,6,22,6,66,0,11.0,11,11,0.0,0,0,11,1
length6_23,6,23,7,0,63,0.0,0,0,9.0,9,9,0,18
length6_24,6,24,7,7,21,1.0,1,1,3.0,3,3,1,3
length6_25,6,25,7,77,21,11.0,11,11,3.0,3,3,11,3
length6_26,6,26,9,20,6,2.2222222222222223,1,5,0.6666666666666666,0,1,12,6
length6_27,6,27,9,9,9,1.0,1,1,1.0,1,1,7,1
length6_28,6,28,7,28,0,4.0,2,9,0.0,0,0,28,0
length6_29,6,29,8,56,72,7.0,7,7,9.0,9,9,7,9
length6_30,6,30,8,16,24,2.0,2,2,3.0,3,3,2,3
length6_31,6,31,7,9,7,1.2857142857142858,1,3,1.0,1,1,9,1
length6_32,6,32,8,16,24,2.0,2,2,3.0,3,3,2,3
length6_33,6,33,7,14,25,2.0,2,2,3.5714285714285716,3,4,2,5
length6_34,6,34,7,30,12,4.285714285714286,2,10,1.7142857142857142,0,5,24,12
length6_35,6,35,8,7,13,0.875,0,1,1.625,1,4,11,2
length6_36,6,36,8,16,0,2.0,2,2,0.0,0,0,9,0
length6_37,6,37,2,9,7,4.5,0,9,3.5,3,4,63,24
length6_38,6,38,7,60,73,8.571428571428571,8,9,10.428571428571429,10,11,60,67
length6_39,6,39,8,28,29,3.5,1,20,3.625,1,22,28,22
length6_40,6,40,7,162,15,23.142857142857142,0,27,2.142857142857143,1,9,3,1
length6_41,6,41,7,21,7,3.0,3,3,1.0,1,1,3,1
length6_42,6,42,7,28,0,4.0,2,9,0.0,0,0,28,0
length6_43,6,43,8,56,72,7.0,7,7,9.0,9,9,7,9
length6_44,6,44,8,56,72,7.0,7,7,9.0,9,9,7,9
length6_45,6,45,7,7,7,1.0,1,1,1.0,1,1,1,1
length6_46,6,46,9,9,9,1.0,1,1,1.0,1,1,7,1
length6_47,6,47,7,21,7,3.0,3,3,1.0,1,1,3,1
length6_48,6,48,7,21,7,3.0,3,3,1.0,1,1,3,1
length6_49,6,49,7,21,7,3.0,3,3,1.0,1,1,3,1
length6_50,6,50,8,56,72,7.0,7,7,9.0,9,9,7,9
length6_51,6,51,7,9,7,1.2857142857142858,1,3,1.0,1,1,9,1
length6_52,6,52,8,8,8,1.0,1,1,1.0,1,1,8,1
length6_53,6,53,7,21,7,3.0,3,3,1.0,1,1,3,1
length6_54,6,54,7,162,15,23.142857142857142,0,27,2.142857142857143,1,9,27,10
length6_55,6,55,3,14,1,4.666666666666667,4,6,0.3333333333333333,0,1,21,0
length6_56,6,56,7,7,21,1.0,1,1,3.0,3,3,1,3
length6_57,6,57,9,29,30,3.2222222222222223,1,20,3.3333333333333335,1,22,29,22
length6_58,6,58,8,36,0,4.5,2,10,0.0,0,0,29,0
length6_60,6,60,7,21,7,3.0,3,3,1.0,1,1,3,1
length6_61,6,61,8,7,65,0.875,0,7,8.125,2,9,7,11
length6_62,6,62,9,0,36,0.0,0,0,4.0,4,4,0,4
length6_63,6,63,7,21,7,3.0,3,3,1.0,1,1,3,1
length6_64,6,64,7,77,21,11.0,11,11,3.0,3,3,13,1
length6_65,6,65,8,56,72,7.0,7,7,9.0,9,9,7,9
length6_66,6,66,7,7,7,1.0,1,1,1.0,1,1,1,1
length6_67,6,67,7,7,7,1.0,1,1,1.0,1,1,1,1
length6_68,6,68,7,21,7,3.0,3,3,1.0,1,1,3,1
length6_69,6,69,7,42,77,6.0,6,6,11.0,11,11,6,11
length6_70,6,70,3,14,1,4.666666666666667,4,6,0.3333333333333333,0,1,20,0
length6_71,6,71,8,9,10,1.125,0,3,1.25,1,3,11,1
length6_72,6,72,7,30,12,4.285714285714286,2,10,1.7142857142857142,0,5,24,12
length6_73,6,73,7,28,7,4.0,4,4,1.0,1,1,22,7
length6_74,6,74,8,56,72,7.0,7,7,9.0,9,9,7,9
length6_75,6,75,8,56,72,7.0,7,7,9.0,9,9,7,9
length6_76,6,76,8,16,24,2.0,2,2,3.0,3,3,2,3
length6_77,6,77,8,69,83,8.625,8,9,10.375,10,11,69,76
length6_78,6,78,8,56,72,7.0,7,7,9.0,9,9,7,9
length6_79,6,79,7,42,77,6.0,6,6,11.0,11,11,6,11
length6_80,6,80,3,14,1,4.666666666666667,4,6,0.3333333333333333,0,1,20,0
length6_81,6,81,8,56,72,7.0,7,7,9.0,9,9,7,9
length6_82,6,82,8,16,24,2.0,2,2,3.0,3,3,2,3
length6_83,6,83,4,11,13,2.75,1,7,3.25,1,8,3,1
length6_84,6,84,7,21,7,3.0,3,3,1.0,1,1,3,1
length6_85,6,85,7,30,12,4.285714285714286,2,10,1.7142857142857142,0,5,24,12
length6_86,6,86,8,56,72,7.0,7,7,9.0,9,9,7,9
length6_87,6,87,8,69,83,8.625,8,9,10.375,10,11,69,76
length6_88,6,88,8,56,72,7.0,7,7,9.0,9,9,7,9
length6_89,6,89,7,7,7,1.0,1,1,1.0,1,1,1,1
length6_90,6,90,8,56,72,7.0,7,7,9.0,9,9,7,9
length6_91,6,91,1,4,5,4.0,4,4,5.0,5,5,17,1
length6_92,6,92,8,56,72,7.0,7,7,9.0,9,9,7,9
length6_93,6,93,8,56,72,7.0,7,7,9.0,9,9,7,9
length6_94,6,94,8,56,72,7.0,7,7,9.0,9,9,7,9
length6_95,6,95,7,9,7,1.2857142857142858,1,3,1.0,1,1,9,1
length6_96,6,96,8,15,6,1.875,1,2,0.75,0,1,8,6
length6_97,6,97,6,20,46,3.3333333333333335,0,4,7.666666666666667,7,11,5,7
length6_98,6,98,7,14,0,2.0,2,2,0.0,0,0,8,0
length6_99,6,99,7,22,10,3.142857142857143,2,5,1.4285714285714286,1,2,22,4
length9_0,9,0,11,11,0,1.0,1,1,0.0,0,0,1,0
length9_1,9,1,11,38,182,3.4545454545454546,2,6,16.545454545454547,14,18,2,1
length9_2,9,2,11,11,0,1.0,1,1,0.0,0,0,1,0
length9_3,9,3,11,38,182,3.4545454545454546,2,6,16.545454545454547,14,18,2,1
length9_4,9,4,15,15,0,1.0,1,1,0.0,0,0,1,0
length9_5,9,5,11,11,11,1.0,1,1,1.0,1,1,1,1
length9_6,9,6,17,17,17,1.0,1,1,1.0,1,1,1,1
length9_7,9,7,10,40,0,4.0,4,4,0.0,0,0,4,0
length9_8,9,8,10,40,0,4.0,4,4,0.0,0,0,4,0
length9_9,9,9,10,40,0,4.0,4,4,0.0,0,0,4,0
length9_10,9,10,10,40,0,4.0,4,4,0.0,0,0,4,0
length9_11,9,11,10,10,10,1.0,1,1,1.0,1,1,10,1
length9_12,9,12,11,11,11,1.0,1,1,1.0,1,1,11,1
length9_13,9,13,10,86,104,8.6,8,9,10.4,10,11,86,95
length9_14,9,14,10,20,0,2.0,2,2,0.0,0,0,11,0
length9_15,9,15,6,36,36,6.0,6,6,6.0,6,6,6,6
length9_16,9,16,9,0,36,0.0,0,0,4.0,4,4,0,4
length9_17,9,17,12,120,60,10.0,10,10,5.0,5,5,10,5
length9_18,9,18,10,24,6,2.4,1,5,0.6,0,1,15,6
length9_19,9,19,9,10,14,1.1111111111111112,0,3,1.5555555555555556,1,4,11,2
length9_20,9,20,10,30,31,3.0,1,20,3.1,1,22,30,22
length9_21,9,21,11,31,32,2.8181818181818183,1,20,2.909090909090909,1,22,31,22
length9_22,9,22,10,37,19,3.7,2,7,1.9,0,5,1,0
length9_23,9,23,10,37,19,3.7,2,7,1.9,0,5,1,0
length9_24,9,24,10,37,19,3.7,2,7,1.9,0,5,12,5
length9_25,9,25,10,37,19,3.7,2,7,1.9,0,5,0,1
length9_26,9,26,10,37,19,3.7,2,7,1.9,0,5,0,1
length9_27,9,27,10,37,19,3.7,2,7,1.9,0,5,12,5
length9_28,9,28,10,37,19,3.7,2,7,1.9,0,5,1,0
length9_29,9,29,10,37,19,3.7,2,7,1.9,0,5,1,0
length9_30,9,30,10,37,19,3.7,2,7,1.9,0,5,1,0
length9_31,9,31,10,37,19,3.7,2,7,1.9,0,5,1,0
length9_32,9,32,10,37,19,3.7,2,7,1.9,0,5,1,0
length9_33,9,33,10,37,19,3.7,2,7,1.9,0,5,1,0
length9_34,9,34,10,37,19,3.7,2,7,1.9,0,5,1,0
length9_35,9,35,10,37,19,3.7,2,7,1.9,0,5,1,0
length9_36,9,36,135,135,270,1.0,1,1,2.0,2,2,1,2
length9_37,9,37,11,11,0,1.0,1,1,0.0,0,0,1,0
length9_38,9,38,11,38,182,3.4545454545454546,2,6,16.545454545454547,14,18,2,1
length9_39,9,39,11,11,0,1.0,1,1,0.0,0,0,1,0
length9_40,9,40,11,38,182,3.4545454545454546,2,6,16.545454545454547,14,18,2,1
length9_41,9,41,222,222,888,1.0,1,1,4.0,4,4,1,4
length9_42,9,42,222,444,1110,2.0,2,2,5.0,5,5,2,5
length9_43,9,43,222,888,1776,4.0,4,4,8.0,8,8,4,8
length9_44,9,44,222,888,1776,4.0,4,4,8.0,8,8,4,8
length9_45,9,45,222,888,1776,4.0,4,4,8.0,8,8,4,8
length9_46,9,46,15,15,0,1.0,1,1,0.0,0,0,1,0
length9_47,9,47,15,15,0,1.0,1,1,0.0,0,0,1,0
length9_48,9,48,15,15,0,1.0,1,1,0.0,0,0,1,0
length9_49,9,49,15,15,0,1.0,1,1,0.0,0,0,1,0
length9_50,9,50,15,15,0,1.0,1,1,0.0,0,0,1,0
length9_51,9,51,15,15,0,1.0,1,1,0.0,0,0,1,0
length9_52,9,52,15,15,0,1.0,1,1,0.0,0,0,1,0
length9_53,9,53,15,15,0,1.0,1,1,0.0,0,0,1,0
length9_54,9,54,15,15,0,1.0,1,1,0.0,0,0,1,0
length9_55,9,55,15,15,0,1.0,1,1,0.0,0,0,1,0
length9_56,9,56,15,15,0,1.0,1,1,0.0,0,0,1,0
length9_57,9,57,15,15,0,1.0,1,1,0.0,0,0,1,0
length9_58,9,58,11,11,11,1.0,1,1,1.0,1,1,1,1
length9_59,9,59,17,17,17,1.0,1,1,1.0,1,1,1,1
length9_60,9,60,10,10,10,1.0,1,1,1.0,1,1,1,1
length9_61,9,61,10,10,10,1.0,1,1,1.0,1,1,1,1
length9_62,9,62,135,135,270,1.0,1,1,2.0,2,2,1,2
length9_63,9,63,10,40,0,4.0,4,4,0.0,0,0,4,0
length9_64,9,64,10,40,0,4.0,4,4,0.0,0,0,4,0
length9_65,9,65,10,40,0,4.0,4,4,0.0,0,0,4,0
length9_66,9,66,10,40,0,4.0,4,4,0.0,0,0,4,0
length9_67,9,67,10,37,19,3.7,2,7,1.9,0,5,12,5
length9_68,9,68,10,37,19,3.7,2,7,1.9,0,5,12,5
length9_69,9,69,10,37,19,3.7,2,7,1.9,0,5,12,5
length9_70,9,70,10,20,96,2.0,1,3,9.6,5,11,7,119
length9_71,9,71,10,20,96,2.0,1,3,9.6,5,11,7,119
length9_72,9,72,10,20,96,2.0,1,3,9.6,5,11,7,119
length9_73,9,73,10,20,96,2.0,1,3,9.6,5,11,1,1
length9_74,9,74,10,20,96,2.0,1,3,9.6,5,11,7,119
length9_75,9,75,39,156,117,4.0,4,4,3.0,3,3,4,3
length9_76,9,76,39,156,117,4.0,4,4,3.0,3,3,1,1
length9_77,9,77,39,156,117,4.0,4,4,3.0,3,3,4,3
length9_78,9,78,57,571,512,10.017543859649123,10,11,8.982456140350877,8,9,10,9
length9_79,9,79,57,571,512,10.017543859649123,10,11,8.982456140350877,8,9,10,9
length9_80,9,80,10,40,0,4.0,4,4,0.0,0,0,4,0
length9_81,9,81,10,40,0,4.0,4,4,0.0,0,0,4,0
length9_82,9,82,10,40,0,4.0,4,4,0.0,0,0,4,0
length9_83,9,83,10,40,0,4.0,4,4,0.0,0,0,4,0
length9_84,9,84,10,40,0,4.0,4,4,0.0,0,0,4,0
length9_85,9,85,10,40,0,4.0,4,4,0.0,0,0,4,0
length9_86,9,86,10,40,0,4.0,4,4,0.0,0,0,4,0
length9_87,9,87,10,40,0,4.0,4,4,0.0,0,0,4,0
length9_88,9,88,10,40,0,4.0,4,4,0.0,0,0,4,0
length9_89,9,89,10,40,0,4.0,4,4,0.0,0,0,4,0
length9_90,9,90,10,40,0,4.0,4,4,0.0,0,0,4,0
length9_91,9,91,10,40,0,4.0,4,4,0.0,0,0,4,0
length9_92,9,92,10,40,0,4.0,4,4,0.0,0,0,4,0
length9_93,9,93,10,40,0,4.0,4,4,0.0,0,0,4,0
length9_94,9,94,10,40,0,4.0,4,4,0.0,0,0,4,0
length9_95,9,95,10,40,0,4.0,4,4,0.0,0,0,4,0
length9_96,9,96,10,720,0,72.0,72,72,0.0,0,0,72,0
length9_97,9,97,10,40,0,4.0,4,4,0.0,0,0,4,0
length9_98,9,98,10,40,0,4.0,4,4,0.0,0,0,4,0
length9_99,9,99,10,40,0,4.0,4,4,0.0,0,0,4,0
length9_100,9,100,10,40,0,4.0,4,4,0.0,0,0,4,0
